title,BOWLING,O,M,R,W,ECON,0s,4s,6s,WD,NB
Gujarat Titans VS Chennai Super Kings,Deepak Chahar,4,0,38,1,9.50,5,3,1,0,0
Gujarat Titans VS Chennai Super Kings,Tushar Deshpande,4,0,56,0,14.00,4,7,3,0,0
Gujarat Titans VS Chennai Super Kings,Maheesh Theekshana,4,0,36,0,9.00,8,3,2,0,0
Gujarat Titans VS Chennai Super Kings,Ravindra Jadeja,4,0,38,1,9.50,3,3,1,0,0
Gujarat Titans VS Chennai Super Kings,Matheesha Pathirana,4,0,44,2,11.00,7,4,2,2,0
Gujarat Titans VS Chennai Super Kings,Mohammed Shami,3,0,29,0,9.66,5,4,0,0,0
Gujarat Titans VS Chennai Super Kings,Hardik Pandya,1,0,14,0,14.00,1,1,1,1,0
Gujarat Titans VS Chennai Super Kings,Rashid Khan,3,0,44,0,14.66,2,4,3,0,0
Gujarat Titans VS Chennai Super Kings,Noor Ahmad,3,0,17,2,5.66,6,0,0,3,0
Gujarat Titans VS Chennai Super Kings,Josh Little,2,0,30,0,15.00,1,0,3,0,0
Gujarat Titans VS Chennai Super Kings,Mohit Sharma,3,0,36,3,12.00,4,2,3,0,0
Gujarat Titans VS Mumbai Indians,Jason Behrendorff,4,0,28,0,7.00,8,4,0,0,0
Gujarat Titans VS Mumbai Indians,Cameron Green,3,0,35,0,11.66,4,3,2,0,0
Gujarat Titans VS Mumbai Indians,Akash Madhwal,4,0,52,1,13.00,7,3,4,0,2
Gujarat Titans VS Mumbai Indians,Chris Jordan,4,0,56,0,14.00,6,6,3,4,0
Gujarat Titans VS Mumbai Indians,Piyush Chawla,3,0,45,1,15.00,0,2,3,1,0
Gujarat Titans VS Mumbai Indians,Kumar Kartikeya,2,0,15,0,7.50,2,0,1,0,0
Gujarat Titans VS Mumbai Indians,Mohammed Shami,3,0,41,2,13.66,6,6,2,0,0
Gujarat Titans VS Mumbai Indians,Hardik Pandya,2,0,24,0,12.00,4,3,1,1,0
Gujarat Titans VS Mumbai Indians,Rashid Khan,4,0,33,2,8.25,8,5,0,1,0
Gujarat Titans VS Mumbai Indians,Noor Ahmad,4,0,35,0,8.75,8,1,2,1,1
Gujarat Titans VS Mumbai Indians,Josh Little,3,0,26,1,8.66,6,2,1,1,0
Gujarat Titans VS Mumbai Indians,Mohit Sharma,2.2,0,10,5,4.28,9,0,1,0,0
Mumbai Indians VS Lucknow Super Giants,Krunal Pandya,4,0,38,0,9.50,7,5,1,0,0
Mumbai Indians VS Lucknow Super Giants,Krishnappa Gowtham,1,0,8,0,8.00,4,2,0,0,0
Mumbai Indians VS Lucknow Super Giants,Naveen-ul-Haq,4,0,38,4,9.50,10,3,2,3,0
Mumbai Indians VS Lucknow Super Giants,Yash Thakur,4,0,34,3,8.50,12,3,2,2,0
Mumbai Indians VS Lucknow Super Giants,Mohsin Khan,3,0,24,1,8.00,9,1,2,0,0
Mumbai Indians VS Lucknow Super Giants,Ravi Bishnoi,4,0,30,0,7.50,4,1,1,1,0
Mumbai Indians VS Lucknow Super Giants,Jason Behrendorff,3,0,21,0,7.00,7,3,0,0,0
Mumbai Indians VS Lucknow Super Giants,Akash Madhwal,3.3,0,5,5,1.42,17,0,0,0,0
Mumbai Indians VS Lucknow Super Giants,Chris Jordan,2,1,7,1,3.50,9,1,0,0,0
Mumbai Indians VS Lucknow Super Giants,Cameron Green,3,0,15,0,5.00,7,1,0,0,0
Mumbai Indians VS Lucknow Super Giants,Hrithik Shokeen,1,0,18,0,18.00,1,2,1,1,0
Mumbai Indians VS Lucknow Super Giants,Piyush Chawla,4,0,28,1,7.00,9,2,1,2,0
Chennai Super Kings VS Gujarat Titans,Mohammed Shami,4,0,28,2,7.00,10,2,1,0,1
Chennai Super Kings VS Gujarat Titans,Darshan Nalkande,4,0,44,1,11.00,9,4,2,0,1
Chennai Super Kings VS Gujarat Titans,Rashid Khan,4,0,37,1,9.25,5,2,1,0,0
Chennai Super Kings VS Gujarat Titans,Noor Ahmad,4,0,29,1,7.25,6,3,0,0,0
Chennai Super Kings VS Gujarat Titans,Mohit Sharma,4,0,31,2,7.75,4,3,0,0,0
Chennai Super Kings VS Gujarat Titans,Deepak Chahar,4,0,29,2,7.25,10,2,1,3,0
Chennai Super Kings VS Gujarat Titans,Tushar Deshpande,4,0,43,1,10.75,11,6,2,2,0
Chennai Super Kings VS Gujarat Titans,Maheesh Theekshana,4,0,28,2,7.00,8,1,1,0,0
Chennai Super Kings VS Gujarat Titans,Ravindra Jadeja,4,0,18,2,4.50,12,2,0,0,0
Chennai Super Kings VS Gujarat Titans,Matheesha Pathirana,4,0,37,2,9.25,9,2,1,7,0
Royal Challengers Bangalore VS Gujarat Titans,Mohammed Shami,4,0,39,1,9.75,9,7,0,1,0
Royal Challengers Bangalore VS Gujarat Titans,Yash Dayal,4,0,39,1,9.75,7,5,1,0,0
Royal Challengers Bangalore VS Gujarat Titans,Rashid Khan,4,0,24,1,6.00,5,1,0,0,0
Royal Challengers Bangalore VS Gujarat Titans,Noor Ahmad,4,0,39,2,9.75,6,4,1,2,0
Royal Challengers Bangalore VS Gujarat Titans,Mohit Sharma,4,0,54,0,13.50,2,8,1,2,0
Royal Challengers Bangalore VS Gujarat Titans,Mohammed Siraj,4,0,32,2,8.00,11,2,2,2,0
Royal Challengers Bangalore VS Gujarat Titans,Wayne Parnell,3.1,0,42,0,13.26,7,6,2,1,1
Royal Challengers Bangalore VS Gujarat Titans,Vijaykumar Vyshak,4,0,40,1,10.00,6,2,2,2,0
Royal Challengers Bangalore VS Gujarat Titans,Himanshu Sharma,3,0,28,0,9.33,4,3,1,0,0
Royal Challengers Bangalore VS Gujarat Titans,Harshal Patel,4,0,29,1,7.25,11,2,1,2,0
Royal Challengers Bangalore VS Gujarat Titans,Michael Bracewell,1,0,16,0,16.00,2,0,2,0,0
Sunrisers Hyderabad VS Mumbai Indians,Jason Behrendorff,3,0,36,0,12.00,7,4,2,3,0
Sunrisers Hyderabad VS Mumbai Indians,Cameron Green,1,0,2,0,2.00,4,0,0,0,0
Sunrisers Hyderabad VS Mumbai Indians,Chris Jordan,4,0,42,1,10.50,6,5,1,1,0
Sunrisers Hyderabad VS Mumbai Indians,Akash Madhwal,4,0,37,4,9.25,7,4,1,0,1
Sunrisers Hyderabad VS Mumbai Indians,Piyush Chawla,4,0,39,0,9.75,4,3,2,0,0
Sunrisers Hyderabad VS Mumbai Indians,Kumar Kartikeya,4,0,39,0,9.75,6,4,1,1,0
Sunrisers Hyderabad VS Mumbai Indians,Bhuvneshwar Kumar,4,0,26,1,6.50,8,3,0,0,0
Sunrisers Hyderabad VS Mumbai Indians,Nitish Kumar Reddy,3,0,35,0,11.66,7,1,4,0,0
Sunrisers Hyderabad VS Mumbai Indians,Mayank Dagar,4,0,37,1,9.25,9,4,2,0,0
Sunrisers Hyderabad VS Mumbai Indians,Kartik Tyagi,2.5,0,41,0,14.47,4,6,1,0,3
Sunrisers Hyderabad VS Mumbai Indians,Umran Malik,3,0,41,0,13.66,3,7,1,0,0
Sunrisers Hyderabad VS Mumbai Indians,Vivrant Sharma,1,0,19,0,19.00,1,0,2,1,1
Sunrisers Hyderabad VS Mumbai Indians,Aiden Markram,0.1,0,1,0,6.00,0,0,0,0,0
Lucknow Super Giants VS Kolkata Knight Riders,Harshit Rana,3,0,21,1,7.00,11,3,1,0,0
Lucknow Super Giants VS Kolkata Knight Riders,Vaibhav Arora,4,0,30,2,7.50,9,1,1,3,1
Lucknow Super Giants VS Kolkata Knight Riders,Varun Chakravarthy,4,0,38,1,9.50,10,4,2,0,0
Lucknow Super Giants VS Kolkata Knight Riders,Nitish Rana,1,0,3,0,3.00,4,0,0,0,0
Lucknow Super Giants VS Kolkata Knight Riders,Shardul Thakur,2,0,27,2,13.50,3,0,3,1,1
Lucknow Super Giants VS Kolkata Knight Riders,Sunil Narine,4,0,28,2,7.00,8,2,1,1,0
Lucknow Super Giants VS Kolkata Knight Riders,Suyash Sharma,1,0,12,0,12.00,2,1,1,0,0
Lucknow Super Giants VS Kolkata Knight Riders,Andre Russell,1,0,12,0,12.00,2,1,1,0,0
Lucknow Super Giants VS Kolkata Knight Riders,Mohsin Khan,1,0,15,0,15.00,2,2,1,0,0
Lucknow Super Giants VS Kolkata Knight Riders,Naveen-ul-Haq,4,0,46,0,11.50,8,6,2,0,0
Lucknow Super Giants VS Kolkata Knight Riders,Krunal Pandya,4,0,30,1,7.50,9,5,0,0,0
Lucknow Super Giants VS Kolkata Knight Riders,Krishnappa Gowtham,4,0,26,1,6.50,9,2,0,2,0
Lucknow Super Giants VS Kolkata Knight Riders,Ravi Bishnoi,4,0,23,2,5.75,10,1,1,0,0
Lucknow Super Giants VS Kolkata Knight Riders,Yash Thakur,3,0,31,2,10.33,9,1,3,3,0
Chennai Super Kings VS Delhi Capitals,Khaleel Ahmed,4,0,45,1,11.25,9,4,3,2,1
Chennai Super Kings VS Delhi Capitals,Lalit Yadav,2,0,32,0,16.00,1,3,2,2,0
Chennai Super Kings VS Delhi Capitals,Axar Patel,3,0,32,0,10.66,3,0,3,0,0
Chennai Super Kings VS Delhi Capitals,Anrich Nortje,4,0,43,1,10.75,8,4,3,0,0
Chennai Super Kings VS Delhi Capitals,Chetan Sakariya,4,0,36,1,9.00,9,5,0,3,1
Chennai Super Kings VS Delhi Capitals,Kuldeep Yadav,3,0,34,0,11.33,2,1,3,0,0
Chennai Super Kings VS Delhi Capitals,Deepak Chahar,4,0,22,3,5.50,14,2,1,0,0
Chennai Super Kings VS Delhi Capitals,Tushar Deshpande,4,0,26,1,6.50,12,4,0,1,0
Chennai Super Kings VS Delhi Capitals,Maheesh Theekshana,4,1,23,2,5.75,11,1,1,0,0
Chennai Super Kings VS Delhi Capitals,Ravindra Jadeja,4,0,50,1,12.50,4,3,4,1,0
Chennai Super Kings VS Delhi Capitals,Matheesha Pathirana,4,0,22,2,5.50,11,1,0,5,0
Punjab Kings VS Rajasthan Royals,Trent Boult,4,0,35,1,8.75,12,3,2,1,0
Punjab Kings VS Rajasthan Royals,Sandeep Sharma,4,0,46,0,11.50,6,3,3,2,1
Punjab Kings VS Rajasthan Royals,Navdeep Saini,4,0,40,3,10.00,9,6,1,1,0
Punjab Kings VS Rajasthan Royals,Adam Zampa,4,0,26,1,6.50,6,2,0,0,0
Punjab Kings VS Rajasthan Royals,Yuzvendra Chahal,4,0,40,0,10.00,9,3,3,1,0
Punjab Kings VS Rajasthan Royals,Sam Curran,4,0,46,1,11.50,9,8,1,2,0
Punjab Kings VS Rajasthan Royals,Kagiso Rabada,4,0,40,2,10.00,12,2,4,1,1
Punjab Kings VS Rajasthan Royals,Arshdeep Singh,4,0,40,1,10.00,11,4,2,3,0
Punjab Kings VS Rajasthan Royals,Nathan Ellis,4,0,34,1,8.50,8,3,1,1,0
Punjab Kings VS Rajasthan Royals,Rahul Chahar,3.4,0,28,1,7.63,5,1,1,0,0
Sunrisers Hyderabad VS Royal Challengers Bangalore,Mohammed Siraj,4,0,17,1,4.25,16,2,0,2,0
Sunrisers Hyderabad VS Royal Challengers Bangalore,Wayne Parnell,4,0,35,0,8.75,5,3,1,0,0
Sunrisers Hyderabad VS Royal Challengers Bangalore,Michael Bracewell,2,0,13,2,6.50,5,2,0,0,0
Sunrisers Hyderabad VS Royal Challengers Bangalore,Shahbaz Ahmed,3,0,38,1,12.66,4,4,2,0,0
Sunrisers Hyderabad VS Royal Challengers Bangalore,Harshal Patel,4,0,37,1,9.25,4,3,1,1,0
Sunrisers Hyderabad VS Royal Challengers Bangalore,Karn Sharma,3,0,45,0,15.00,0,1,4,1,0
Sunrisers Hyderabad VS Royal Challengers Bangalore,Bhuvneshwar Kumar,4,0,48,1,12.00,10,7,2,1,0
Sunrisers Hyderabad VS Royal Challengers Bangalore,Abhishek Sharma,3,0,28,0,9.33,5,3,1,1,0
Sunrisers Hyderabad VS Royal Challengers Bangalore,T Natarajan,4,0,34,1,8.50,6,3,1,1,0
Sunrisers Hyderabad VS Royal Challengers Bangalore,Kartik Tyagi,1.2,0,21,0,15.75,1,4,0,1,0
Sunrisers Hyderabad VS Royal Challengers Bangalore,Nitish Kumar Reddy,2,0,19,0,9.50,3,1,1,0,1
Sunrisers Hyderabad VS Royal Challengers Bangalore,Mayank Dagar,4,0,25,0,6.25,8,1,1,0,0
Sunrisers Hyderabad VS Royal Challengers Bangalore,Glenn Phillips,1,0,10,0,10.00,1,1,0,0,0
Delhi Capitals VS Punjab Kings,Sam Curran,4,0,36,2,9.00,9,4,1,1,0
Delhi Capitals VS Punjab Kings,Kagiso Rabada,3,0,36,0,12.00,8,2,4,0,0
Delhi Capitals VS Punjab Kings,Arshdeep Singh,2,0,21,0,10.50,4,2,1,2,0
Delhi Capitals VS Punjab Kings,Nathan Ellis,4,0,46,0,11.50,6,5,2,0,0
Delhi Capitals VS Punjab Kings,Rahul Chahar,4,0,35,0,8.75,7,4,1,0,0
Delhi Capitals VS Punjab Kings,Harpreet Brar,3,0,39,0,13.00,2,3,2,2,0
Delhi Capitals VS Punjab Kings,Khaleel Ahmed,3,1,20,1,6.66,14,1,2,0,1
Delhi Capitals VS Punjab Kings,Ishant Sharma,3,0,36,2,12.00,10,5,2,0,1
Delhi Capitals VS Punjab Kings,Anrich Nortje,4,0,36,2,9.00,11,2,3,0,0
Delhi Capitals VS Punjab Kings,Mukesh Kumar,4,0,52,0,13.00,8,3,5,1,0
Delhi Capitals VS Punjab Kings,Axar Patel,3,0,27,1,9.00,3,4,0,0,0
Delhi Capitals VS Punjab Kings,Kuldeep Yadav,3,0,21,0,7.00,4,0,1,1,0
Lucknow Super Giants VS Mumbai Indians,Jason Behrendorff,4,0,30,2,7.50,9,0,2,1,0
Lucknow Super Giants VS Mumbai Indians,Chris Jordan,4,0,50,0,12.50,7,3,4,2,0
Lucknow Super Giants VS Mumbai Indians,Hrithik Shokeen,3,0,20,0,6.66,9,1,1,0,0
Lucknow Super Giants VS Mumbai Indians,Piyush Chawla,3,0,26,1,8.66,5,0,2,0,0
Lucknow Super Giants VS Mumbai Indians,Akash Madhwal,4,0,30,0,7.50,7,1,1,2,0
Lucknow Super Giants VS Mumbai Indians,Cameron Green,2,0,16,0,8.00,5,1,1,0,0
Lucknow Super Giants VS Mumbai Indians,Krunal Pandya,4,0,27,0,6.75,10,4,0,0,0
Lucknow Super Giants VS Mumbai Indians,Mohsin Khan,3,0,26,1,8.66,8,1,2,2,0
Lucknow Super Giants VS Mumbai Indians,Naveen-ul-Haq,4,0,37,0,9.25,8,1,3,0,1
Lucknow Super Giants VS Mumbai Indians,Yash Thakur,4,0,40,2,10.00,9,2,2,5,1
Lucknow Super Giants VS Mumbai Indians,Swapnil Singh,1,0,11,0,11.00,1,2,0,0,0
Lucknow Super Giants VS Mumbai Indians,Ravi Bishnoi,4,0,26,2,6.50,9,2,0,1,0
Gujarat Titans VS Sunrisers Hyderabad,Bhuvneshwar Kumar,4,0,30,5,7.50,11,4,0,0,0
Gujarat Titans VS Sunrisers Hyderabad,Marco Jansen,4,0,39,1,9.75,11,3,1,4,2
Gujarat Titans VS Sunrisers Hyderabad,Fazalhaq Farooqi,3,0,31,1,10.33,3,4,0,1,0
Gujarat Titans VS Sunrisers Hyderabad,T Natarajan,4,0,34,1,8.50,4,4,0,0,0
Gujarat Titans VS Sunrisers Hyderabad,Aiden Markram,1,0,13,0,13.00,0,2,0,0,0
Gujarat Titans VS Sunrisers Hyderabad,Mayank Markande,3,0,27,0,9.00,3,4,0,0,0
Gujarat Titans VS Sunrisers Hyderabad,Abhishek Sharma,1,0,13,0,13.00,2,1,1,1,0
Gujarat Titans VS Sunrisers Hyderabad,Mohammed Shami,4,0,21,4,5.25,13,1,1,0,0
Gujarat Titans VS Sunrisers Hyderabad,Yash Dayal,4,0,31,1,7.75,11,4,0,4,0
Gujarat Titans VS Sunrisers Hyderabad,Rashid Khan,4,0,28,0,7.00,6,1,1,0,0
Gujarat Titans VS Sunrisers Hyderabad,Mohit Sharma,4,0,28,4,7.00,12,3,1,0,0
Gujarat Titans VS Sunrisers Hyderabad,Noor Ahmad,2.5,0,35,0,12.35,3,3,2,1,0
Gujarat Titans VS Sunrisers Hyderabad,Rahul Tewatia,1.1,0,7,0,6.00,3,1,0,0,0
Chennai Super Kings VS Kolkata Knight Riders,Vaibhav Arora,4,0,30,1,7.50,7,2,0,1,1
Chennai Super Kings VS Kolkata Knight Riders,Harshit Rana,2,0,19,0,9.50,5,2,1,0,0
Chennai Super Kings VS Kolkata Knight Riders,Varun Chakravarthy,4,0,36,2,9.00,5,2,1,1,0
Chennai Super Kings VS Kolkata Knight Riders,Sunil Narine,4,0,15,2,3.75,10,0,0,0,0
Chennai Super Kings VS Kolkata Knight Riders,Shardul Thakur,3,0,15,1,5.00,7,1,0,1,0
Chennai Super Kings VS Kolkata Knight Riders,Suyash Sharma,3,0,29,0,9.66,6,0,3,0,1
Chennai Super Kings VS Kolkata Knight Riders,Deepak Chahar,3,0,27,3,9.00,7,3,1,2,0
Chennai Super Kings VS Kolkata Knight Riders,Tushar Deshpande,3.3,0,25,0,7.14,11,2,1,2,0
Chennai Super Kings VS Kolkata Knight Riders,Moeen Ali,4,0,31,0,7.75,8,5,0,0,0
Chennai Super Kings VS Kolkata Knight Riders,Maheesh Theekshana,3,0,22,0,7.33,3,2,0,0,0
Chennai Super Kings VS Kolkata Knight Riders,Matheesha Pathirana,3,0,23,0,7.66,8,1,0,2,1
Chennai Super Kings VS Kolkata Knight Riders,Ravindra Jadeja,2,0,18,0,9.00,4,0,2,0,0
Royal Challengers Bangalore VS Rajasthan Royals,Sandeep Sharma,4,0,34,1,8.50,4,4,0,1,0
Royal Challengers Bangalore VS Rajasthan Royals,Adam Zampa,4,0,25,2,6.25,10,2,1,0,0
Royal Challengers Bangalore VS Rajasthan Royals,Yuzvendra Chahal,4,0,37,0,9.25,4,3,1,1,0
Royal Challengers Bangalore VS Rajasthan Royals,Ravichandran Ashwin,4,0,33,0,8.25,5,1,2,1,0
Royal Challengers Bangalore VS Rajasthan Royals,KM Asif,4,0,42,2,10.50,8,2,3,1,0
Royal Challengers Bangalore VS Rajasthan Royals,Mohammed Siraj,2,0,10,1,5.00,9,2,0,1,0
Royal Challengers Bangalore VS Rajasthan Royals,Wayne Parnell,3,0,10,3,3.33,12,1,0,1,0
Royal Challengers Bangalore VS Rajasthan Royals,Michael Bracewell,3,0,16,2,5.33,10,1,1,0,0
Royal Challengers Bangalore VS Rajasthan Royals,Karn Sharma,1.3,0,19,2,12.66,5,0,3,0,0
Royal Challengers Bangalore VS Rajasthan Royals,Glenn Maxwell,1,0,3,1,3.00,4,0,0,0,0
Punjab Kings VS Delhi Capitals,Khaleel Ahmed,4,0,36,0,9.00,11,4,1,3,0
Punjab Kings VS Delhi Capitals,Ishant Sharma,3,0,27,2,9.00,8,4,1,0,0
Punjab Kings VS Delhi Capitals,Axar Patel,4,0,27,1,6.75,12,1,1,2,0
Punjab Kings VS Delhi Capitals,Praveen Dubey,3,0,19,1,6.33,8,1,1,1,0
Punjab Kings VS Delhi Capitals,Kuldeep Yadav,4,0,32,1,8.00,9,2,2,0,0
Punjab Kings VS Delhi Capitals,Mitchell Marsh,1,0,21,0,21.00,0,1,2,1,0
Punjab Kings VS Delhi Capitals,Mukesh Kumar,1,0,3,1,3.00,3,0,0,0,0
Punjab Kings VS Delhi Capitals,Rishi Dhawan,1,0,10,0,10.00,2,2,0,0,0
Punjab Kings VS Delhi Capitals,Sam Curran,2,0,18,0,9.00,4,3,0,0,0
Punjab Kings VS Delhi Capitals,Harpreet Brar,4,0,30,4,7.50,11,5,0,1,0
Punjab Kings VS Delhi Capitals,Nathan Ellis,4,0,26,2,6.50,6,2,0,1,0
Punjab Kings VS Delhi Capitals,Arshdeep Singh,4,0,32,0,8.00,8,2,2,0,0
Punjab Kings VS Delhi Capitals,Rahul Chahar,4,0,16,2,4.00,18,3,0,1,0
Punjab Kings VS Delhi Capitals,Sikandar Raza,1,0,3,0,3.00,3,0,0,0,0
Sunrisers Hyderabad VS Lucknow Super Giants,Yudhvir Singh,3,0,24,1,8.00,8,4,0,1,0
Sunrisers Hyderabad VS Lucknow Super Giants,Kyle Mayers,1,0,11,0,11.00,3,2,0,0,1
Sunrisers Hyderabad VS Lucknow Super Giants,Krunal Pandya,4,0,24,2,6.00,12,2,1,0,0
Sunrisers Hyderabad VS Lucknow Super Giants,Avesh Khan,2,0,30,1,15.00,2,5,1,0,0
Sunrisers Hyderabad VS Lucknow Super Giants,Yash Thakur,4,0,28,1,7.00,11,1,2,0,0
Sunrisers Hyderabad VS Lucknow Super Giants,Amit Mishra,4,0,40,1,10.00,8,2,3,1,0
Sunrisers Hyderabad VS Lucknow Super Giants,Ravi Bishnoi,2,0,23,0,11.50,1,2,1,0,0
Sunrisers Hyderabad VS Lucknow Super Giants,Bhuvneshwar Kumar,4,0,30,0,7.50,8,3,1,0,0
Sunrisers Hyderabad VS Lucknow Super Giants,Fazalhaq Farooqi,3.2,0,32,0,9.60,8,5,0,4,0
Sunrisers Hyderabad VS Lucknow Super Giants,Glenn Phillips,2,0,10,1,5.00,5,1,0,0,0
Sunrisers Hyderabad VS Lucknow Super Giants,T Natarajan,4,0,31,0,7.75,8,1,2,0,0
Sunrisers Hyderabad VS Lucknow Super Giants,Mayank Markande,3,0,39,1,13.00,2,4,2,0,0
Sunrisers Hyderabad VS Lucknow Super Giants,Abhishek Sharma,3,0,42,1,14.00,6,1,5,1,0
Mumbai Indians VS Gujarat Titans,Mohammed Shami,4,0,53,0,13.25,9,5,4,0,0
Mumbai Indians VS Gujarat Titans,Mohit Sharma,4,0,43,1,10.75,10,6,2,0,0
Mumbai Indians VS Gujarat Titans,Rashid Khan,4,0,30,4,7.50,10,5,0,0,0
Mumbai Indians VS Gujarat Titans,Noor Ahmad,4,0,38,0,9.50,7,4,1,0,0
Mumbai Indians VS Gujarat Titans,Alzarri Joseph,4,0,52,0,13.00,5,2,5,0,0
Mumbai Indians VS Gujarat Titans,Jason Behrendorff,4,0,37,1,9.25,8,5,1,1,0
Mumbai Indians VS Gujarat Titans,Akash Madhwal,4,0,31,3,7.75,11,4,1,0,0
Mumbai Indians VS Gujarat Titans,Chris Jordan,4,0,34,0,8.50,9,3,2,0,0
Mumbai Indians VS Gujarat Titans,Piyush Chawla,4,0,36,2,9.00,7,4,1,0,0
Mumbai Indians VS Gujarat Titans,Kumar Kartikeya,3,0,37,2,12.33,8,0,5,2,0
Mumbai Indians VS Gujarat Titans,Cameron Green,1,0,13,0,13.00,3,0,2,0,0
Kolkata Knight Riders VS Rajasthan Royals,Trent Boult,3,0,15,2,5.00,13,2,0,0,0
Kolkata Knight Riders VS Rajasthan Royals,Sandeep Sharma,4,0,34,1,8.50,12,2,3,0,0
Kolkata Knight Riders VS Rajasthan Royals,Ravichandran Ashwin,4,0,32,0,8.00,6,1,2,0,0
Kolkata Knight Riders VS Rajasthan Royals,Joe Root,2,0,14,0,7.00,2,1,0,0,0
Kolkata Knight Riders VS Rajasthan Royals,Yuzvendra Chahal,4,0,25,4,6.25,11,2,1,0,0
Kolkata Knight Riders VS Rajasthan Royals,KM Asif,3,0,27,1,9.00,4,0,2,1,0
Kolkata Knight Riders VS Rajasthan Royals,Nitish Rana,1,0,26,0,26.00,0,3,2,0,0
Kolkata Knight Riders VS Rajasthan Royals,Harshit Rana,2,0,22,0,11.00,6,2,1,2,0
Kolkata Knight Riders VS Rajasthan Royals,Shardul Thakur,1.1,0,18,0,15.42,1,4,0,0,0
Kolkata Knight Riders VS Rajasthan Royals,Varun Chakravarthy,3,0,28,0,9.33,10,3,2,1,0
Kolkata Knight Riders VS Rajasthan Royals,Sunil Narine,2,0,13,0,6.50,5,0,1,0,0
Kolkata Knight Riders VS Rajasthan Royals,Suyash Sharma,3,0,22,0,7.33,7,2,1,0,0
Kolkata Knight Riders VS Rajasthan Royals,Anukul Roy,1,0,20,0,20.00,1,0,3,0,0
Chennai Super Kings VS Delhi Capitals,Khaleel Ahmed,4,0,32,1,8.00,9,1,2,2,0
Chennai Super Kings VS Delhi Capitals,Ishant Sharma,2,0,23,0,11.50,4,4,0,2,0
Chennai Super Kings VS Delhi Capitals,Lalit Yadav,3,0,34,1,11.33,6,2,3,0,0
Chennai Super Kings VS Delhi Capitals,Axar Patel,4,0,27,2,6.75,8,2,1,0,0
Chennai Super Kings VS Delhi Capitals,Kuldeep Yadav,4,0,28,1,7.00,6,0,1,3,0
Chennai Super Kings VS Delhi Capitals,Mitchell Marsh,3,0,18,3,6.00,7,1,0,3,0
Chennai Super Kings VS Delhi Capitals,Deepak Chahar,3,0,28,2,9.33,10,3,2,1,0
Chennai Super Kings VS Delhi Capitals,Tushar Deshpande,3,0,18,0,6.00,9,1,1,0,0
Chennai Super Kings VS Delhi Capitals,Maheesh Theekshana,2,0,16,0,8.00,2,0,1,0,0
Chennai Super Kings VS Delhi Capitals,Ravindra Jadeja,4,0,19,1,4.75,10,1,0,0,0
Chennai Super Kings VS Delhi Capitals,Moeen Ali,4,0,16,0,4.00,13,0,1,0,0
Chennai Super Kings VS Delhi Capitals,Matheesha Pathirana,4,0,37,3,9.25,11,5,1,4,0
Royal Challengers Bangalore VS Mumbai Indians,Jason Behrendorff,4,0,36,3,9.00,9,5,1,0,0
Royal Challengers Bangalore VS Mumbai Indians,Piyush Chawla,4,0,41,0,10.25,8,5,2,0,0
Royal Challengers Bangalore VS Mumbai Indians,Cameron Green,2,0,15,1,7.50,6,3,0,0,0
Royal Challengers Bangalore VS Mumbai Indians,Chris Jordan,4,0,48,1,12.00,7,4,3,1,0
Royal Challengers Bangalore VS Mumbai Indians,Kumar Kartikeya,4,0,35,1,8.75,6,3,1,1,0
Royal Challengers Bangalore VS Mumbai Indians,Akash Madhwal,2,0,23,0,11.50,1,1,1,0,1
Royal Challengers Bangalore VS Mumbai Indians,Mohammed Siraj,3,0,31,0,10.33,10,2,3,1,0
Royal Challengers Bangalore VS Mumbai Indians,Josh Hazlewood,3,0,32,0,10.66,7,5,1,1,0
Royal Challengers Bangalore VS Mumbai Indians,Wanindu Hasaranga,4,0,53,2,13.25,5,2,5,1,0
Royal Challengers Bangalore VS Mumbai Indians,Vijaykumar Vyshak,3,0,37,2,12.33,7,2,3,1,1
Royal Challengers Bangalore VS Mumbai Indians,Harshal Patel,3.3,0,41,0,11.71,3,5,1,1,1
Punjab Kings VS Kolkata Knight Riders,Vaibhav Arora,3,0,32,0,10.66,8,7,0,1,0
Punjab Kings VS Kolkata Knight Riders,Harshit Rana,3,0,33,2,11.00,9,4,2,0,1
Punjab Kings VS Kolkata Knight Riders,Andre Russell,1,0,19,0,19.00,1,4,0,0,1
Punjab Kings VS Kolkata Knight Riders,Varun Chakravarthy,4,0,26,3,6.50,11,2,1,1,0
Punjab Kings VS Kolkata Knight Riders,Suyash Sharma,4,0,26,1,6.50,12,1,2,1,0
Punjab Kings VS Kolkata Knight Riders,Sunil Narine,4,0,29,0,7.25,9,2,1,1,0
Punjab Kings VS Kolkata Knight Riders,Nitish Rana,1,0,7,1,7.00,3,1,0,0,0
Punjab Kings VS Kolkata Knight Riders,Rishi Dhawan,2,0,15,0,7.50,5,2,0,0,0
Punjab Kings VS Kolkata Knight Riders,Arshdeep Singh,4,0,39,0,9.75,10,6,1,1,0
Punjab Kings VS Kolkata Knight Riders,Nathan Ellis,4,0,29,1,7.25,7,2,1,0,0
Punjab Kings VS Kolkata Knight Riders,Sam Curran,3,0,44,0,14.66,5,5,3,1,0
Punjab Kings VS Kolkata Knight Riders,Liam Livingstone,2,0,27,0,13.50,2,4,1,0,0
Punjab Kings VS Kolkata Knight Riders,Harpreet Brar,1,0,4,1,4.00,2,0,0,0,0
Punjab Kings VS Kolkata Knight Riders,Rahul Chahar,4,0,23,2,5.75,8,1,0,1,0
Rajasthan Royals VS Sunrisers Hyderabad,Bhuvneshwar Kumar,4,0,44,1,11.00,7,6,1,2,0
Rajasthan Royals VS Sunrisers Hyderabad,Marco Jansen,4,0,44,1,11.00,5,6,1,1,0
Rajasthan Royals VS Sunrisers Hyderabad,T Natarajan,4,0,36,0,9.00,8,4,1,1,0
Rajasthan Royals VS Sunrisers Hyderabad,Mayank Markande,4,0,51,0,12.75,7,1,6,0,0
Rajasthan Royals VS Sunrisers Hyderabad,Abhishek Sharma,2,0,15,0,7.50,5,1,1,0,0
Rajasthan Royals VS Sunrisers Hyderabad,Vivrant Sharma,2,0,18,0,9.00,4,1,1,1,0
Rajasthan Royals VS Sunrisers Hyderabad,Sandeep Sharma,4,0,48,0,12.00,5,5,2,0,1
Rajasthan Royals VS Sunrisers Hyderabad,Kuldip Yadav,4,0,50,1,12.50,5,2,4,0,0
Rajasthan Royals VS Sunrisers Hyderabad,Ravichandran Ashwin,4,0,35,1,8.75,5,2,1,3,0
Rajasthan Royals VS Sunrisers Hyderabad,Yuzvendra Chahal,4,0,29,4,7.25,11,3,1,0,0
Rajasthan Royals VS Sunrisers Hyderabad,Murugan Ashwin,3,0,42,0,14.00,3,2,4,0,0
Rajasthan Royals VS Sunrisers Hyderabad,Obed McCoy,1,0,13,0,13.00,2,1,1,1,0
Gujarat Titans VS Lucknow Super Giants,Mohsin Khan,3,0,42,1,14.00,4,5,2,2,0
Gujarat Titans VS Lucknow Super Giants,Avesh Khan,4,0,34,1,8.50,8,2,2,0,0
Gujarat Titans VS Lucknow Super Giants,Krunal Pandya,4,0,38,0,9.50,5,2,2,0,0
Gujarat Titans VS Lucknow Super Giants,Yash Thakur,4,0,48,0,12.00,4,2,4,1,0
Gujarat Titans VS Lucknow Super Giants,Ravi Bishnoi,2,0,21,0,10.50,2,0,2,1,0
Gujarat Titans VS Lucknow Super Giants,Kyle Mayers,1,0,16,0,16.00,1,3,0,0,1
Gujarat Titans VS Lucknow Super Giants,Swapnil Singh,1,0,7,0,7.00,1,0,0,0,0
Gujarat Titans VS Lucknow Super Giants,Marcus Stoinis,1,0,20,0,20.00,0,1,2,0,0
Gujarat Titans VS Lucknow Super Giants,Mohammed Shami,4,0,37,1,9.25,9,3,2,1,0
Gujarat Titans VS Lucknow Super Giants,Hardik Pandya,3,0,37,0,12.33,6,6,1,2,0
Gujarat Titans VS Lucknow Super Giants,Rashid Khan,4,0,34,1,8.50,6,1,2,0,0
Gujarat Titans VS Lucknow Super Giants,Noor Ahmad,4,0,26,1,6.50,11,4,0,1,0
Gujarat Titans VS Lucknow Super Giants,Mohit Sharma,4,0,29,4,7.25,9,1,2,1,0
Gujarat Titans VS Lucknow Super Giants,Alzarri Joseph,1,0,5,0,5.00,4,1,0,0,0
Royal Challengers Bangalore VS Delhi Capitals,Khaleel Ahmed,4,0,45,1,11.25,7,3,3,1,0
Royal Challengers Bangalore VS Delhi Capitals,Axar Patel,3,0,17,0,5.66,7,2,0,0,0
Royal Challengers Bangalore VS Delhi Capitals,Ishant Sharma,3,0,29,0,9.66,5,4,0,2,0
Royal Challengers Bangalore VS Delhi Capitals,Mukesh Kumar,3,0,30,1,10.00,6,5,0,1,0
Royal Challengers Bangalore VS Delhi Capitals,Mitchell Marsh,3,0,21,2,7.00,3,0,1,1,0
Royal Challengers Bangalore VS Delhi Capitals,Kuldeep Yadav,4,0,37,0,9.25,5,2,2,0,0
Royal Challengers Bangalore VS Delhi Capitals,Mohammed Siraj,2,0,28,0,14.00,4,3,2,1,0
Royal Challengers Bangalore VS Delhi Capitals,Glenn Maxwell,1.4,0,14,0,8.40,4,1,1,0,0
Royal Challengers Bangalore VS Delhi Capitals,Josh Hazlewood,3,0,29,1,9.66,9,2,2,0,1
Royal Challengers Bangalore VS Delhi Capitals,Wanindu Hasaranga,4,0,32,0,8.00,9,2,2,0,0
Royal Challengers Bangalore VS Delhi Capitals,Karn Sharma,3,0,33,1,11.00,4,4,1,0,0
Royal Challengers Bangalore VS Delhi Capitals,Mahipal Lomror,1,0,13,0,13.00,1,1,1,0,0
Royal Challengers Bangalore VS Delhi Capitals,Harshal Patel,2,0,32,1,16.00,4,2,3,1,0
Mumbai Indians VS Chennai Super Kings,Deepak Chahar,3,0,18,2,6.00,10,3,0,0,0
Mumbai Indians VS Chennai Super Kings,Tushar Deshpande,4,0,26,2,6.50,9,2,0,1,0
Mumbai Indians VS Chennai Super Kings,Ravindra Jadeja,4,0,37,1,9.25,5,5,0,1,0
Mumbai Indians VS Chennai Super Kings,Moeen Ali,1,0,10,0,10.00,2,2,0,0,0
Mumbai Indians VS Chennai Super Kings,Maheesh Theekshana,4,0,28,0,7.00,11,3,1,0,0
Mumbai Indians VS Chennai Super Kings,Matheesha Pathirana,4,0,15,3,3.75,12,0,0,0,0
Mumbai Indians VS Chennai Super Kings,Cameron Green,1,0,10,0,10.00,4,2,0,1,1
Mumbai Indians VS Chennai Super Kings,Jofra Archer,4,0,24,0,6.00,11,3,0,1,0
Mumbai Indians VS Chennai Super Kings,Arshad Khan,1.4,0,28,0,16.80,3,2,3,0,0
Mumbai Indians VS Chennai Super Kings,Piyush Chawla,4,0,25,2,6.25,8,1,1,0,0
Mumbai Indians VS Chennai Super Kings,Raghav Goyal,4,0,33,0,8.25,7,1,2,0,0
Mumbai Indians VS Chennai Super Kings,Tristan Stubbs,2,0,14,1,7.00,3,0,1,0,0
Mumbai Indians VS Chennai Super Kings,Akash Madhwal,1,0,4,1,4.00,2,0,0,0,0
Rajasthan Royals VS Gujarat Titans,Mohammed Shami,4,0,27,1,6.75,13,2,1,2,0
Rajasthan Royals VS Gujarat Titans,Hardik Pandya,2,0,22,1,11.00,4,3,1,0,0
Rajasthan Royals VS Gujarat Titans,Rashid Khan,4,0,14,3,3.50,13,0,0,2,0
Rajasthan Royals VS Gujarat Titans,Josh Little,4,0,24,1,6.00,7,2,0,0,0
Rajasthan Royals VS Gujarat Titans,Noor Ahmad,3,0,25,2,8.33,7,2,1,3,0
Rajasthan Royals VS Gujarat Titans,Mohit Sharma,0.5,0,5,0,6.00,0,0,0,0,0
Rajasthan Royals VS Gujarat Titans,Trent Boult,3,0,28,0,9.33,8,6,0,0,0
Rajasthan Royals VS Gujarat Titans,Sandeep Sharma,3,0,19,0,6.33,9,3,0,0,1
Rajasthan Royals VS Gujarat Titans,Adam Zampa,3,0,40,0,13.33,3,3,3,0,0
Rajasthan Royals VS Gujarat Titans,Yuzvendra Chahal,3.5,0,22,1,5.73,7,1,0,0,0
Rajasthan Royals VS Gujarat Titans,Ravichandran Ashwin,1,0,8,0,8.00,1,1,0,0,0
Kolkata Knight Riders VS Sunrisers Hyderabad,Bhuvneshwar Kumar,4,0,33,1,8.25,12,6,0,1,0
Kolkata Knight Riders VS Sunrisers Hyderabad,Marco Jansen,3,0,24,2,8.00,7,3,0,0,1
Kolkata Knight Riders VS Sunrisers Hyderabad,Kartik Tyagi,2,0,30,1,15.00,5,3,2,2,1
Kolkata Knight Riders VS Sunrisers Hyderabad,Aiden Markram,3,0,24,1,8.00,5,2,1,0,0
Kolkata Knight Riders VS Sunrisers Hyderabad,T Natarajan,4,0,30,2,7.50,9,1,1,2,0
Kolkata Knight Riders VS Sunrisers Hyderabad,Mayank Markande,4,0,29,1,7.25,8,1,2,0,0
Kolkata Knight Riders VS Sunrisers Hyderabad,Harshit Rana,4,0,27,1,6.75,13,1,2,2,0
Kolkata Knight Riders VS Sunrisers Hyderabad,Vaibhav Arora,3,0,32,2,10.66,6,5,0,1,2
Kolkata Knight Riders VS Sunrisers Hyderabad,Shardul Thakur,3,0,23,2,7.66,6,3,0,0,0
Kolkata Knight Riders VS Sunrisers Hyderabad,Andre Russell,1,0,15,1,15.00,4,2,1,0,1
Kolkata Knight Riders VS Sunrisers Hyderabad,Anukul Roy,3,0,26,1,8.66,6,1,2,1,0
Kolkata Knight Riders VS Sunrisers Hyderabad,Sunil Narine,2,0,16,0,8.00,1,1,0,0,0
Kolkata Knight Riders VS Sunrisers Hyderabad,Varun Chakravarthy,4,0,20,1,5.00,12,2,0,0,0
Punjab Kings VS Mumbai Indians,Cameron Green,2,0,15,0,7.50,7,2,0,0,0
Punjab Kings VS Mumbai Indians,Arshad Khan,4,0,48,1,12.00,9,7,2,1,0
Punjab Kings VS Mumbai Indians,Jofra Archer,4,0,56,0,14.00,4,4,3,2,1
Punjab Kings VS Mumbai Indians,Piyush Chawla,4,0,29,2,7.25,7,4,0,0,0
Punjab Kings VS Mumbai Indians,Kumar Kartikeya,3,0,24,0,8.00,3,0,1,3,0
Punjab Kings VS Mumbai Indians,Akash Madhwal,3,0,37,0,12.33,1,3,1,0,1
Punjab Kings VS Mumbai Indians,Rishi Dhawan,3,0,20,1,6.66,11,1,2,0,0
Punjab Kings VS Mumbai Indians,Arshdeep Singh,3.5,0,66,1,17.21,4,8,4,2,0
Punjab Kings VS Mumbai Indians,Sam Curran,3,0,41,0,13.66,3,5,2,1,0
Punjab Kings VS Mumbai Indians,Nathan Ellis,4,0,34,2,8.50,4,3,0,0,0
Punjab Kings VS Mumbai Indians,Rahul Chahar,3,0,30,0,10.00,5,5,0,0,0
Punjab Kings VS Mumbai Indians,Harpreet Brar,2,0,21,0,10.50,1,1,1,0,0
Lucknow Super Giants VS Chennai Super Kings,Deepak Chahar,4,0,41,0,10.25,9,4,2,0,0
Lucknow Super Giants VS Chennai Super Kings,Tushar Deshpande,1,0,1,0,1.00,5,0,0,0,0
Lucknow Super Giants VS Chennai Super Kings,Moeen Ali,4,0,13,2,3.25,11,0,0,0,0
Lucknow Super Giants VS Chennai Super Kings,Maheesh Theekshana,4,0,37,2,9.25,7,2,2,0,0
Lucknow Super Giants VS Chennai Super Kings,Ravindra Jadeja,3,0,11,1,3.66,8,0,0,0,0
Lucknow Super Giants VS Chennai Super Kings,Matheesha Pathirana,3.2,0,22,2,6.60,6,0,0,2,0
Delhi Capitals VS Gujarat Titans,Mohammed Shami,4,0,11,4,2.75,19,1,0,0,0
Delhi Capitals VS Gujarat Titans,Hardik Pandya,1,0,10,0,10.00,3,2,0,0,1
Delhi Capitals VS Gujarat Titans,Josh Little,3,0,27,0,9.00,6,4,0,0,0
Delhi Capitals VS Gujarat Titans,Rashid Khan,4,0,28,1,7.00,12,0,3,1,0
Delhi Capitals VS Gujarat Titans,Noor Ahmad,4,0,20,0,5.00,11,1,0,2,0
Delhi Capitals VS Gujarat Titans,Mohit Sharma,4,0,33,2,8.25,7,1,2,0,0
Delhi Capitals VS Gujarat Titans,Khaleel Ahmed,4,1,24,2,6.00,12,4,0,0,0
Delhi Capitals VS Gujarat Titans,Ishant Sharma,4,0,23,2,5.75,12,2,0,1,0
Delhi Capitals VS Gujarat Titans,Anrich Nortje,4,0,39,1,9.75,11,2,3,2,0
Delhi Capitals VS Gujarat Titans,Kuldeep Yadav,4,0,15,1,3.75,9,0,0,0,0
Delhi Capitals VS Gujarat Titans,Axar Patel,4,0,24,0,6.00,10,1,1,1,0
Royal Challengers Bangalore VS Lucknow Super Giants,Krunal Pandya,4,0,21,0,5.25,8,1,0,0,0
Royal Challengers Bangalore VS Lucknow Super Giants,Marcus Stoinis,1,0,11,0,11.00,0,1,0,0,0
Royal Challengers Bangalore VS Lucknow Super Giants,Naveen-ul-Haq,4,0,30,3,7.50,8,3,1,0,0
Royal Challengers Bangalore VS Lucknow Super Giants,Ravi Bishnoi,4,0,21,2,5.25,7,0,0,0,0
Royal Challengers Bangalore VS Lucknow Super Giants,Amit Mishra,3,0,21,2,7.00,4,0,1,0,0
Royal Challengers Bangalore VS Lucknow Super Giants,Yash Thakur,2,0,12,0,6.00,6,1,0,2,0
Royal Challengers Bangalore VS Lucknow Super Giants,Krishnappa Gowtham,2,0,10,1,5.00,5,0,0,0,0
Royal Challengers Bangalore VS Lucknow Super Giants,Mohammed Siraj,3,0,24,1,8.00,11,4,0,3,1
Royal Challengers Bangalore VS Lucknow Super Giants,Josh Hazlewood,3,0,15,2,5.00,13,1,1,0,1
Royal Challengers Bangalore VS Lucknow Super Giants,Glenn Maxwell,1,0,3,1,3.00,3,0,0,0,0
Royal Challengers Bangalore VS Lucknow Super Giants,Wanindu Hasaranga,4,0,20,1,5.00,14,0,2,0,0
Royal Challengers Bangalore VS Lucknow Super Giants,Karn Sharma,4,0,20,2,5.00,12,1,1,0,0
Royal Challengers Bangalore VS Lucknow Super Giants,Harshal Patel,3.5,0,20,1,5.21,9,2,0,0,0
Royal Challengers Bangalore VS Lucknow Super Giants,Mahipal Lomror,1,0,4,0,4.00,2,0,0,0,0
Rajasthan Royals VS Mumbai Indians,Cameron Green,3,0,31,0,10.33,10,2,2,4,0
Rajasthan Royals VS Mumbai Indians,Jofra Archer,4,0,35,1,8.75,16,2,3,3,1
Rajasthan Royals VS Mumbai Indians,Riley Meredith,4,0,51,1,12.75,7,9,1,2,0
Rajasthan Royals VS Mumbai Indians,Piyush Chawla,4,0,34,2,8.50,11,2,3,0,0
Rajasthan Royals VS Mumbai Indians,Kumar Kartikeya,2,0,14,0,7.00,6,1,1,0,0
Rajasthan Royals VS Mumbai Indians,Arshad Khan,3,0,39,3,13.00,5,4,2,3,0
Rajasthan Royals VS Mumbai Indians,Trent Boult,4,0,43,1,10.75,8,7,0,2,0
Rajasthan Royals VS Mumbai Indians,Sandeep Sharma,4,0,35,1,8.75,5,3,1,2,0
Rajasthan Royals VS Mumbai Indians,Ravichandran Ashwin,4,0,27,2,6.75,8,0,2,1,0
Rajasthan Royals VS Mumbai Indians,Yuzvendra Chahal,3,0,32,0,10.66,5,3,2,0,0
Rajasthan Royals VS Mumbai Indians,Jason Holder,3.3,0,55,0,15.71,4,5,4,2,0
Rajasthan Royals VS Mumbai Indians,Kuldeep Sen,1,0,20,0,20.00,2,3,1,0,1
Chennai Super Kings VS Punjab Kings,Arshdeep Singh,4,0,37,1,9.25,8,5,0,3,0
Chennai Super Kings VS Punjab Kings,Kagiso Rabada,4,0,34,0,8.50,8,4,1,1,0
Chennai Super Kings VS Punjab Kings,Sam Curran,4,0,46,1,11.50,7,5,2,3,0
Chennai Super Kings VS Punjab Kings,Rahul Chahar,4,0,35,1,8.75,7,2,2,0,0
Chennai Super Kings VS Punjab Kings,Sikandar Raza,3,0,31,1,10.33,6,4,1,0,0
Chennai Super Kings VS Punjab Kings,Liam Livingstone,1,0,16,0,16.00,0,3,0,0,0
Chennai Super Kings VS Punjab Kings,Akash Singh,3,0,35,0,11.66,4,3,2,1,0
Chennai Super Kings VS Punjab Kings,Tushar Deshpande,4,0,49,3,12.25,10,3,4,2,0
Chennai Super Kings VS Punjab Kings,Maheesh Theekshana,4,0,36,0,9.00,5,4,0,1,0
Chennai Super Kings VS Punjab Kings,Ravindra Jadeja,4,0,32,2,8.00,8,1,2,0,0
Chennai Super Kings VS Punjab Kings,Moeen Ali,1,0,10,0,10.00,2,0,1,0,0
Chennai Super Kings VS Punjab Kings,Matheesha Pathirana,4,0,32,1,8.00,6,2,0,1,0
Sunrisers Hyderabad VS Delhi Capitals,Ishant Sharma,3,0,31,1,10.33,9,7,0,0,0
Sunrisers Hyderabad VS Delhi Capitals,Anrich Nortje,4,0,44,0,11.00,4,4,1,2,0
Sunrisers Hyderabad VS Delhi Capitals,Mukesh Kumar,2,0,38,0,19.00,2,4,2,2,1
Sunrisers Hyderabad VS Delhi Capitals,Mitchell Marsh,4,1,27,4,6.75,12,1,2,2,0
Sunrisers Hyderabad VS Delhi Capitals,Kuldeep Yadav,3,0,27,0,9.00,4,1,2,0,0
Sunrisers Hyderabad VS Delhi Capitals,Axar Patel,4,0,29,1,7.25,7,0,2,2,0
Sunrisers Hyderabad VS Delhi Capitals,Bhuvneshwar Kumar,4,0,45,1,11.25,5,3,2,3,0
Sunrisers Hyderabad VS Delhi Capitals,Akeal Hosein,4,0,40,1,10.00,6,4,2,0,0
Sunrisers Hyderabad VS Delhi Capitals,T Natarajan,4,0,34,1,8.50,4,2,1,0,0
Sunrisers Hyderabad VS Delhi Capitals,Umran Malik,1,0,22,0,22.00,0,2,2,0,0
Sunrisers Hyderabad VS Delhi Capitals,Mayank Markande,4,0,20,2,5.00,7,1,0,0,0
Sunrisers Hyderabad VS Delhi Capitals,Abhishek Sharma,3,0,26,1,8.66,5,2,1,0,0
Kolkata Knight Riders VS Gujarat Titans,Mohammed Shami,4,0,33,3,8.25,12,3,2,0,0
Kolkata Knight Riders VS Gujarat Titans,Hardik Pandya,3,0,34,0,11.33,9,3,3,1,0
Kolkata Knight Riders VS Gujarat Titans,Rashid Khan,4,0,54,0,13.50,3,3,4,1,0
Kolkata Knight Riders VS Gujarat Titans,Josh Little,4,0,25,2,6.25,12,2,1,0,0
Kolkata Knight Riders VS Gujarat Titans,Noor Ahmad,4,0,21,2,5.25,12,1,1,1,0
Kolkata Knight Riders VS Gujarat Titans,Mohit Sharma,1,0,12,0,12.00,1,0,1,0,0
Kolkata Knight Riders VS Gujarat Titans,Harshit Rana,3,0,25,1,8.33,6,4,0,1,0
Kolkata Knight Riders VS Gujarat Titans,Andre Russell,3,0,29,1,9.66,6,3,1,1,0
Kolkata Knight Riders VS Gujarat Titans,Varun Chakravarthy,4,0,42,0,10.50,7,3,3,0,0
Kolkata Knight Riders VS Gujarat Titans,Suyash Sharma,4,0,37,0,9.25,7,3,2,0,0
Kolkata Knight Riders VS Gujarat Titans,Sunil Narine,3,0,24,1,8.00,3,1,1,0,0
Kolkata Knight Riders VS Gujarat Titans,Nitish Rana,0.5,0,14,0,16.80,0,1,1,1,0
Lucknow Super Giants VS Punjab Kings,Gurnoor Brar,3,0,42,0,14.00,7,4,3,1,2
Lucknow Super Giants VS Punjab Kings,Arshdeep Singh,4,0,54,1,13.50,4,10,0,2,0
Lucknow Super Giants VS Punjab Kings,Kagiso Rabada,4,0,52,2,13.00,12,3,5,2,2
Lucknow Super Giants VS Punjab Kings,Sikandar Raza,1,0,17,0,17.00,2,1,2,0,0
Lucknow Super Giants VS Punjab Kings,Rahul Chahar,4,0,29,0,7.25,8,2,1,0,0
Lucknow Super Giants VS Punjab Kings,Sam Curran,3,0,38,1,12.66,5,4,2,0,0
Lucknow Super Giants VS Punjab Kings,Liam Livingstone,1,0,19,1,19.00,1,3,1,0,0
Lucknow Super Giants VS Punjab Kings,Marcus Stoinis,1.5,0,21,1,11.45,5,2,1,4,0
Lucknow Super Giants VS Punjab Kings,Kyle Mayers,1,0,4,0,4.00,5,1,0,0,0
Lucknow Super Giants VS Punjab Kings,Ayush Badoni,0.1,0,0,0,0.00,1,0,0,0,0
Lucknow Super Giants VS Punjab Kings,Naveen-ul-Haq,4,0,30,3,7.50,11,2,0,1,1
Lucknow Super Giants VS Punjab Kings,Avesh Khan,2,0,28,0,14.00,1,3,1,0,0
Lucknow Super Giants VS Punjab Kings,Amit Mishra,2,0,23,0,11.50,1,2,1,0,0
Lucknow Super Giants VS Punjab Kings,Ravi Bishnoi,4,0,41,2,10.25,9,4,2,0,1
Lucknow Super Giants VS Punjab Kings,Yash Thakur,3.5,0,37,4,9.65,9,3,2,1,0
Lucknow Super Giants VS Punjab Kings,Krunal Pandya,1,0,13,0,13.00,2,1,1,1,0
Rajasthan Royals VS Chennai Super Kings,Akash Singh,2,0,32,0,16.00,3,6,1,0,0
Rajasthan Royals VS Chennai Super Kings,Tushar Deshpande,4,0,42,2,10.50,10,5,2,0,0
Rajasthan Royals VS Chennai Super Kings,Maheesh Theekshana,4,0,24,1,6.00,11,3,0,1,0
Rajasthan Royals VS Chennai Super Kings,Ravindra Jadeja,4,0,32,1,8.00,6,2,1,1,0
Rajasthan Royals VS Chennai Super Kings,Moeen Ali,2,0,17,0,8.50,2,0,1,0,0
Rajasthan Royals VS Chennai Super Kings,Matheesha Pathirana,4,0,48,0,12.00,5,5,1,2,0
Rajasthan Royals VS Chennai Super Kings,Sandeep Sharma,4,0,24,0,6.00,10,3,0,0,0
Rajasthan Royals VS Chennai Super Kings,Kuldip Yadav,3,0,18,1,6.00,4,1,0,0,0
Rajasthan Royals VS Chennai Super Kings,Jason Holder,4,0,49,0,12.25,4,4,3,1,0
Rajasthan Royals VS Chennai Super Kings,Ravichandran Ashwin,4,0,35,2,8.75,7,1,2,0,0
Rajasthan Royals VS Chennai Super Kings,Adam Zampa,3,0,22,3,7.33,7,2,1,0,0
Rajasthan Royals VS Chennai Super Kings,Yuzvendra Chahal,2,0,21,0,10.50,3,2,1,0,0
Kolkata Knight Riders VS Royal Challengers Bangalore,Mohammed Siraj,4,0,33,1,8.25,11,5,1,0,0
Kolkata Knight Riders VS Royal Challengers Bangalore,David Willey,3,0,31,0,10.33,5,4,1,1,0
Kolkata Knight Riders VS Royal Challengers Bangalore,Wanindu Hasaranga,4,0,24,2,6.00,10,3,0,0,0
Kolkata Knight Riders VS Royal Challengers Bangalore,Shahbaz Ahmed,1,0,25,0,25.00,1,0,4,0,0
Kolkata Knight Riders VS Royal Challengers Bangalore,Vijaykumar Vyshak,4,0,41,2,10.25,3,2,2,3,0
Kolkata Knight Riders VS Royal Challengers Bangalore,Harshal Patel,4,0,44,0,11.00,7,2,4,1,0
Kolkata Knight Riders VS Royal Challengers Bangalore,Vaibhav Arora,2,0,22,0,11.00,3,3,0,1,0
Kolkata Knight Riders VS Royal Challengers Bangalore,Umesh Yadav,1,0,19,0,19.00,0,1,2,0,0
Kolkata Knight Riders VS Royal Challengers Bangalore,Suyash Sharma,4,0,30,2,7.50,5,3,0,1,0
Kolkata Knight Riders VS Royal Challengers Bangalore,Varun Chakravarthy,4,0,27,3,6.75,9,2,1,0,0
Kolkata Knight Riders VS Royal Challengers Bangalore,Andre Russell,4,0,29,2,7.25,11,1,2,0,0
Kolkata Knight Riders VS Royal Challengers Bangalore,Sunil Narine,4,0,41,0,10.25,2,1,2,0,0
Kolkata Knight Riders VS Royal Challengers Bangalore,Nitish Rana,1,0,8,0,8.00,1,1,0,0,0
Gujarat Titans VS Mumbai Indians,Arjun Tendulkar,2,0,9,1,4.50,7,0,0,0,0
Gujarat Titans VS Mumbai Indians,Jason Behrendorff,4,0,37,1,9.25,8,2,2,2,0
Gujarat Titans VS Mumbai Indians,Riley Meredith,4,0,49,1,12.25,6,4,3,2,0
Gujarat Titans VS Mumbai Indians,Cameron Green,2,0,39,0,19.50,0,2,4,0,0
Gujarat Titans VS Mumbai Indians,Piyush Chawla,4,0,34,2,8.50,7,3,1,1,0
Gujarat Titans VS Mumbai Indians,Kumar Kartikeya,4,0,39,1,9.75,7,3,2,0,0
Gujarat Titans VS Mumbai Indians,Mohammed Shami,4,0,18,0,4.50,14,2,0,1,0
Gujarat Titans VS Mumbai Indians,Hardik Pandya,2,0,10,1,5.00,8,0,1,0,0
Gujarat Titans VS Mumbai Indians,Rashid Khan,4,0,27,2,6.75,10,2,1,0,0
Gujarat Titans VS Mumbai Indians,Noor Ahmad,4,0,37,3,9.25,10,2,3,0,0
Gujarat Titans VS Mumbai Indians,Mohit Sharma,4,0,38,2,9.50,7,1,3,0,0
Gujarat Titans VS Mumbai Indians,Josh Little,2,0,18,0,9.00,2,1,1,0,0
Delhi Capitals VS Sunrisers Hyderabad,Bhuvneshwar Kumar,4,0,11,2,2.75,16,1,0,0,0
Delhi Capitals VS Sunrisers Hyderabad,Marco Jansen,2,0,27,0,13.50,4,4,1,0,0
Delhi Capitals VS Sunrisers Hyderabad,Washington Sundar,4,0,28,3,7.00,10,2,1,0,0
Delhi Capitals VS Sunrisers Hyderabad,T Natarajan,3,0,21,1,7.00,3,2,0,0,0
Delhi Capitals VS Sunrisers Hyderabad,Mayank Markande,4,0,34,0,8.50,7,4,0,1,0
Delhi Capitals VS Sunrisers Hyderabad,Umran Malik,2,0,14,0,7.00,4,2,0,0,0
Delhi Capitals VS Sunrisers Hyderabad,Aiden Markram,1,0,7,0,7.00,0,0,0,0,0
Delhi Capitals VS Sunrisers Hyderabad,Ishant Sharma,3,0,18,1,6.00,8,2,0,0,0
Delhi Capitals VS Sunrisers Hyderabad,Anrich Nortje,4,0,33,2,8.25,10,4,1,0,0
Delhi Capitals VS Sunrisers Hyderabad,Mukesh Kumar,3,0,27,0,9.00,4,4,0,0,0
Delhi Capitals VS Sunrisers Hyderabad,Axar Patel,4,0,21,2,5.25,8,1,0,0,0
Delhi Capitals VS Sunrisers Hyderabad,Kuldeep Yadav,4,0,22,1,5.50,6,1,0,0,0
Delhi Capitals VS Sunrisers Hyderabad,Mitchell Marsh,2,0,16,0,8.00,3,1,0,0,1
Chennai Super Kings VS Kolkata Knight Riders,Umesh Yadav,3,0,35,0,11.66,7,3,3,0,0
Chennai Super Kings VS Kolkata Knight Riders,David Wiese,3,0,38,0,12.66,3,3,2,0,0
Chennai Super Kings VS Kolkata Knight Riders,Varun Chakravarthy,4,0,49,1,12.25,8,2,5,0,0
Chennai Super Kings VS Kolkata Knight Riders,Kulwant Khejroliya,3,0,44,2,14.66,5,2,4,0,1
Chennai Super Kings VS Kolkata Knight Riders,Sunil Narine,2,0,23,0,11.50,3,1,2,0,0
Chennai Super Kings VS Kolkata Knight Riders,Suyash Sharma,4,0,29,1,7.25,8,2,1,0,0
Chennai Super Kings VS Kolkata Knight Riders,Andre Russell,1,0,17,0,17.00,0,1,1,2,0
Chennai Super Kings VS Kolkata Knight Riders,Akash Singh,4,0,29,1,7.25,13,4,1,1,0
Chennai Super Kings VS Kolkata Knight Riders,Tushar Deshpande,4,0,43,2,10.75,12,3,3,4,0
Chennai Super Kings VS Kolkata Knight Riders,Maheesh Theekshana,4,0,32,2,8.00,8,3,1,1,0
Chennai Super Kings VS Kolkata Knight Riders,Moeen Ali,1,0,20,1,20.00,1,0,3,0,0
Chennai Super Kings VS Kolkata Knight Riders,Ravindra Jadeja,3,0,34,1,11.33,5,2,3,0,0
Chennai Super Kings VS Kolkata Knight Riders,Matheesha Pathirana,4,0,27,1,6.75,11,2,1,3,0
Royal Challengers Bangalore VS Rajasthan Royals,Trent Boult,4,0,41,2,10.25,8,6,0,1,0
Royal Challengers Bangalore VS Rajasthan Royals,Sandeep Sharma,4,0,49,2,12.25,9,7,2,1,0
Royal Challengers Bangalore VS Rajasthan Royals,Ravichandran Ashwin,4,0,36,1,9.00,7,2,2,1,0
Royal Challengers Bangalore VS Rajasthan Royals,Yuzvendra Chahal,4,0,28,1,7.00,7,0,1,2,0
Royal Challengers Bangalore VS Rajasthan Royals,Jason Holder,4,0,32,0,8.00,6,3,1,0,0
Royal Challengers Bangalore VS Rajasthan Royals,Mohammed Siraj,4,0,39,1,9.75,8,4,1,3,0
Royal Challengers Bangalore VS Rajasthan Royals,David Willey,4,0,26,1,6.50,11,2,1,1,0
Royal Challengers Bangalore VS Rajasthan Royals,Vijaykumar Vyshak,2,0,24,0,12.00,4,5,0,1,0
Royal Challengers Bangalore VS Rajasthan Royals,Glenn Maxwell,2,0,25,0,12.50,3,2,2,0,0
Royal Challengers Bangalore VS Rajasthan Royals,Harshal Patel,4,0,32,3,8.00,8,3,1,1,0
Royal Challengers Bangalore VS Rajasthan Royals,Wanindu Hasaranga,4,0,32,0,8.00,5,2,1,0,0
Punjab Kings VS Mumbai Indians,Arjun Tendulkar,3,0,48,1,16.00,4,6,2,4,1
Punjab Kings VS Mumbai Indians,Jason Behrendorff,3,0,41,1,13.66,6,2,4,1,0
Punjab Kings VS Mumbai Indians,Cameron Green,4,0,41,2,10.25,9,2,4,0,0
Punjab Kings VS Mumbai Indians,Jofra Archer,4,0,42,1,10.50,8,3,3,1,0
Punjab Kings VS Mumbai Indians,Piyush Chawla,3,0,15,2,5.00,12,2,0,1,0
Punjab Kings VS Mumbai Indians,Hrithik Shokeen,3,0,24,0,8.00,7,1,1,0,1
Punjab Kings VS Mumbai Indians,Matthew Short,1,0,7,0,7.00,3,1,0,1,0
Punjab Kings VS Mumbai Indians,Arshdeep Singh,4,0,29,4,7.25,12,2,2,1,0
Punjab Kings VS Mumbai Indians,Harpreet Brar,2,0,15,0,7.50,5,1,1,0,0
Punjab Kings VS Mumbai Indians,Sam Curran,3,0,41,0,13.66,2,3,3,1,0
Punjab Kings VS Mumbai Indians,Nathan Ellis,4,0,44,1,11.00,5,2,3,0,0
Punjab Kings VS Mumbai Indians,Rahul Chahar,4,0,42,0,10.50,4,4,2,0,0
Punjab Kings VS Mumbai Indians,Liam Livingstone,2,0,23,1,11.50,2,4,0,0,0
Gujarat Titans VS Lucknow Super Giants,Naveen-ul-Haq,4,0,19,1,4.75,12,1,0,0,0
Gujarat Titans VS Lucknow Super Giants,Krunal Pandya,4,0,16,2,4.00,13,1,0,0,0
Gujarat Titans VS Lucknow Super Giants,Avesh Khan,3,0,21,0,7.00,6,2,0,0,0
Gujarat Titans VS Lucknow Super Giants,Ravi Bishnoi,4,0,49,0,12.25,4,4,3,0,0
Gujarat Titans VS Lucknow Super Giants,Marcus Stoinis,3,0,20,2,6.66,7,1,1,0,0
Gujarat Titans VS Lucknow Super Giants,Amit Mishra,2,0,9,1,4.50,4,0,0,0,0
Gujarat Titans VS Lucknow Super Giants,Mohammed Shami,3,1,18,0,6.00,9,3,0,0,0
Gujarat Titans VS Lucknow Super Giants,Jayant Yadav,4,0,26,0,6.50,8,2,0,0,0
Gujarat Titans VS Lucknow Super Giants,Rashid Khan,4,0,33,1,8.25,9,4,1,0,0
Gujarat Titans VS Lucknow Super Giants,Mohit Sharma,3,0,17,2,5.66,5,1,0,0,0
Gujarat Titans VS Lucknow Super Giants,Noor Ahmad,4,0,18,2,4.50,13,1,0,0,0
Gujarat Titans VS Lucknow Super Giants,Hardik Pandya,1,0,7,0,7.00,2,1,0,0,0
Gujarat Titans VS Lucknow Super Giants,Rahul Tewatia,1,0,8,0,8.00,4,0,1,1,0
Sunrisers Hyderabad VS Chennai Super Kings,Akash Singh,3,0,17,1,5.66,10,1,1,0,0
Sunrisers Hyderabad VS Chennai Super Kings,Tushar Deshpande,3,0,26,0,8.66,7,4,0,1,0
Sunrisers Hyderabad VS Chennai Super Kings,Maheesh Theekshana,4,0,27,1,6.75,5,2,0,0,0
Sunrisers Hyderabad VS Chennai Super Kings,Moeen Ali,2,0,18,0,9.00,2,1,1,0,0
Sunrisers Hyderabad VS Chennai Super Kings,Ravindra Jadeja,4,0,22,3,5.50,8,1,0,0,0
Sunrisers Hyderabad VS Chennai Super Kings,Matheesha Pathirana,4,0,22,1,5.50,9,2,0,1,0
Sunrisers Hyderabad VS Chennai Super Kings,Bhuvneshwar Kumar,2,0,10,0,5.00,7,1,0,0,0
Sunrisers Hyderabad VS Chennai Super Kings,Marco Jansen,3,0,37,0,12.33,5,6,1,0,0
Sunrisers Hyderabad VS Chennai Super Kings,Aiden Markram,1,0,11,0,11.00,2,2,0,0,0
Sunrisers Hyderabad VS Chennai Super Kings,Washington Sundar,2.4,0,16,0,6.00,4,1,0,0,0
Sunrisers Hyderabad VS Chennai Super Kings,Mayank Markande,4,0,23,2,5.75,8,2,0,0,0
Sunrisers Hyderabad VS Chennai Super Kings,Umran Malik,3,0,18,0,6.00,8,2,0,0,0
Sunrisers Hyderabad VS Chennai Super Kings,Mayank Dagar,3,0,21,0,7.00,5,2,0,0,0
Kolkata Knight Riders VS Delhi Capitals,Ishant Sharma,4,0,19,2,4.75,13,2,0,1,0
Kolkata Knight Riders VS Delhi Capitals,Mukesh Kumar,4,0,34,1,8.50,15,2,3,4,0
Kolkata Knight Riders VS Delhi Capitals,Anrich Nortje,4,0,20,2,5.00,16,3,0,2,0
Kolkata Knight Riders VS Delhi Capitals,Axar Patel,3,0,13,2,4.33,12,2,0,0,0
Kolkata Knight Riders VS Delhi Capitals,Mitchell Marsh,2,0,25,0,12.50,2,1,2,2,0
Kolkata Knight Riders VS Delhi Capitals,Kuldeep Yadav,3,0,15,2,5.00,9,0,1,1,0
Kolkata Knight Riders VS Delhi Capitals,Umesh Yadav,1,0,6,0,6.00,3,1,0,0,0
Kolkata Knight Riders VS Delhi Capitals,Kulwant Khejroliya,1.2,0,20,0,15.00,2,3,0,0,1
Kolkata Knight Riders VS Delhi Capitals,Andre Russell,1,0,12,0,12.00,3,2,0,0,1
Kolkata Knight Riders VS Delhi Capitals,Sunil Narine,4,0,36,0,9.00,7,6,0,1,0
Kolkata Knight Riders VS Delhi Capitals,Varun Chakravarthy,4,1,16,2,4.00,14,2,0,0,0
Kolkata Knight Riders VS Delhi Capitals,Anukul Roy,4,0,19,2,4.75,13,2,0,2,0
Kolkata Knight Riders VS Delhi Capitals,Nitish Rana,4,0,17,2,4.25,10,1,0,0,0
Royal Challengers Bangalore VS Punjab Kings,Arshdeep Singh,4,0,34,1,8.50,8,5,0,1,0
Royal Challengers Bangalore VS Punjab Kings,Harpreet Brar,3,0,31,2,10.33,7,1,3,0,0
Royal Challengers Bangalore VS Punjab Kings,Nathan Ellis,4,0,41,1,10.25,8,2,3,1,0
Royal Challengers Bangalore VS Punjab Kings,Sam Curran,4,0,27,0,6.75,6,1,0,0,1
Royal Challengers Bangalore VS Punjab Kings,Rahul Chahar,4,0,24,0,6.00,7,2,0,0,0
Royal Challengers Bangalore VS Punjab Kings,Liam Livingstone,1,0,9,0,9.00,0,1,0,0,0
Royal Challengers Bangalore VS Punjab Kings,Mohammed Siraj,4,0,21,4,5.25,13,3,0,0,0
Royal Challengers Bangalore VS Punjab Kings,Wayne Parnell,3,0,32,1,10.66,9,1,4,0,0
Royal Challengers Bangalore VS Punjab Kings,Wanindu Hasaranga,4,0,39,2,9.75,7,2,3,0,0
Royal Challengers Bangalore VS Punjab Kings,Vijaykumar Vyshak,3,0,29,0,9.66,6,2,2,1,0
Royal Challengers Bangalore VS Punjab Kings,Glenn Maxwell,1,0,5,0,5.00,1,0,0,0,0
Royal Challengers Bangalore VS Punjab Kings,Harshal Patel,3.2,0,22,1,6.60,10,1,1,1,1
Lucknow Super Giants VS Rajasthan Royals,Trent Boult,4,1,16,1,4.00,18,1,1,0,0
Lucknow Super Giants VS Rajasthan Royals,Sandeep Sharma,4,0,32,1,8.00,8,4,0,0,1
Lucknow Super Giants VS Rajasthan Royals,Ravichandran Ashwin,4,0,23,2,5.75,9,2,0,1,0
Lucknow Super Giants VS Rajasthan Royals,Yuzvendra Chahal,4,0,41,0,10.25,5,3,2,0,0
Lucknow Super Giants VS Rajasthan Royals,Jason Holder,4,0,38,1,9.50,7,3,2,0,0
Lucknow Super Giants VS Rajasthan Royals,Naveen-ul-Haq,4,0,19,0,4.75,11,0,1,1,0
Lucknow Super Giants VS Rajasthan Royals,Yudhvir Singh,2,0,27,0,13.50,6,2,2,1,0
Lucknow Super Giants VS Rajasthan Royals,Avesh Khan,4,0,25,3,6.25,12,4,0,0,0
Lucknow Super Giants VS Rajasthan Royals,Marcus Stoinis,4,0,28,2,7.00,11,3,1,0,0
Lucknow Super Giants VS Rajasthan Royals,Ravi Bishnoi,4,0,25,0,6.25,8,2,0,0,1
Lucknow Super Giants VS Rajasthan Royals,Amit Mishra,2,0,15,0,7.50,3,2,0,0,0
Mumbai Indians VS Sunrisers Hyderabad,Bhuvneshwar Kumar,4,0,31,1,7.75,8,1,2,0,0
Mumbai Indians VS Sunrisers Hyderabad,Marco Jansen,4,0,43,2,10.75,11,3,4,1,0
Mumbai Indians VS Sunrisers Hyderabad,Washington Sundar,4,0,33,0,8.25,10,4,1,0,0
Mumbai Indians VS Sunrisers Hyderabad,T Natarajan,4,0,50,1,12.50,3,7,1,0,0
Mumbai Indians VS Sunrisers Hyderabad,Mayank Markande,4,0,35,0,8.75,9,4,1,1,0
Mumbai Indians VS Sunrisers Hyderabad,Arjun Tendulkar,2.5,0,18,1,6.35,9,2,0,3,0
Mumbai Indians VS Sunrisers Hyderabad,Jason Behrendorff,4,0,37,2,9.25,7,5,0,1,0
Mumbai Indians VS Sunrisers Hyderabad,Riley Meredith,4,0,33,2,8.25,10,3,1,3,0
Mumbai Indians VS Sunrisers Hyderabad,Hrithik Shokeen,1,0,12,0,12.00,1,0,1,0,0
Mumbai Indians VS Sunrisers Hyderabad,Piyush Chawla,4,0,43,2,10.75,5,4,2,0,0
Mumbai Indians VS Sunrisers Hyderabad,Cameron Green,4,0,29,1,7.25,9,4,0,1,0
Chennai Super Kings VS Royal Challengers Bangalore,Mohammed Siraj,4,0,30,1,7.50,10,1,2,1,0
Chennai Super Kings VS Royal Challengers Bangalore,Wayne Parnell,4,0,48,1,12.00,7,3,4,0,0
Chennai Super Kings VS Royal Challengers Bangalore,Vijaykumar Vyshak,4,0,62,1,15.50,3,5,5,0,0
Chennai Super Kings VS Royal Challengers Bangalore,Glenn Maxwell,2.4,0,28,1,10.50,4,0,3,1,0
Chennai Super Kings VS Royal Challengers Bangalore,Wanindu Hasaranga,2,0,21,1,10.50,1,1,1,0,0
Chennai Super Kings VS Royal Challengers Bangalore,Harshal Patel,3.2,0,36,1,10.80,8,2,2,2,2
Chennai Super Kings VS Royal Challengers Bangalore,Akash Singh,3,0,35,1,11.66,9,3,3,0,0
Chennai Super Kings VS Royal Challengers Bangalore,Tushar Deshpande,4,0,45,3,11.25,9,5,2,3,0
Chennai Super Kings VS Royal Challengers Bangalore,Maheesh Theekshana,4,0,41,1,10.25,4,1,3,1,0
Chennai Super Kings VS Royal Challengers Bangalore,Ravindra Jadeja,4,0,37,0,9.25,3,0,3,0,0
Chennai Super Kings VS Royal Challengers Bangalore,Matheesha Pathirana,4,0,42,2,10.50,9,3,3,2,0
Chennai Super Kings VS Royal Challengers Bangalore,Moeen Ali,1,0,13,1,13.00,3,0,2,0,0
Gujarat Titans VS Rajasthan Royals,Trent Boult,4,0,46,1,11.50,6,4,2,2,0
Gujarat Titans VS Rajasthan Royals,Sandeep Sharma,4,0,25,2,6.25,10,3,0,1,0
Gujarat Titans VS Rajasthan Royals,Adam Zampa,4,0,32,1,8.00,9,2,2,0,0
Gujarat Titans VS Rajasthan Royals,Ravichandran Ashwin,4,0,37,0,9.25,5,4,1,0,0
Gujarat Titans VS Rajasthan Royals,Yuzvendra Chahal,4,0,36,1,9.00,3,0,2,1,0
Gujarat Titans VS Rajasthan Royals,Mohammed Shami,4,1,25,3,6.25,18,1,3,1,0
Gujarat Titans VS Rajasthan Royals,Hardik Pandya,4,0,24,1,6.00,14,3,1,0,0
Gujarat Titans VS Rajasthan Royals,Alzarri Joseph,3,0,47,0,15.66,2,3,4,0,0
Gujarat Titans VS Rajasthan Royals,Rashid Khan,4,0,46,2,11.50,7,1,5,0,0
Gujarat Titans VS Rajasthan Royals,Mohit Sharma,2,0,7,0,3.50,5,0,0,0,0
Gujarat Titans VS Rajasthan Royals,Noor Ahmad,2.2,0,29,1,12.42,3,2,2,1,0
Kolkata Knight Riders VS Mumbai Indians,Arjun Tendulkar,2,0,17,0,8.50,6,1,1,1,0
Kolkata Knight Riders VS Mumbai Indians,Cameron Green,2,0,20,1,10.00,6,1,1,2,0
Kolkata Knight Riders VS Mumbai Indians,Duan Jansen,4,0,53,1,13.25,6,3,4,4,0
Kolkata Knight Riders VS Mumbai Indians,Piyush Chawla,4,0,19,1,4.75,10,1,0,0,0
Kolkata Knight Riders VS Mumbai Indians,Hrithik Shokeen,4,0,34,2,8.50,7,3,1,1,0
Kolkata Knight Riders VS Mumbai Indians,Riley Meredith,4,0,40,1,10.00,9,3,3,0,0
Kolkata Knight Riders VS Mumbai Indians,Umesh Yadav,2,0,19,0,9.50,6,1,2,0,0
Kolkata Knight Riders VS Mumbai Indians,Shardul Thakur,2,0,25,1,12.50,2,3,1,1,0
Kolkata Knight Riders VS Mumbai Indians,Sunil Narine,3,0,41,0,13.66,4,3,3,1,0
Kolkata Knight Riders VS Mumbai Indians,Suyash Sharma,4,0,27,2,6.75,11,3,1,0,0
Kolkata Knight Riders VS Mumbai Indians,Varun Chakravarthy,4,0,38,1,9.50,10,2,3,1,0
Kolkata Knight Riders VS Mumbai Indians,Lockie Ferguson,1.4,0,19,1,11.40,4,1,2,0,0
Kolkata Knight Riders VS Mumbai Indians,Andre Russell,1,0,17,0,17.00,1,2,1,0,0
Lucknow Super Giants VS Punjab Kings,Matthew Short,2,0,10,0,5.00,7,0,1,0,0
Lucknow Super Giants VS Punjab Kings,Arshdeep Singh,3,0,22,1,7.33,7,3,0,1,0
Lucknow Super Giants VS Punjab Kings,Kagiso Rabada,4,0,34,2,8.50,11,2,2,2,0
Lucknow Super Giants VS Punjab Kings,Sam Curran,4,0,31,3,7.75,9,2,1,2,0
Lucknow Super Giants VS Punjab Kings,Harpreet Brar,2,0,10,1,5.00,6,1,0,0,0
Lucknow Super Giants VS Punjab Kings,Sikandar Raza,2,0,19,1,9.50,2,2,0,0,1
Lucknow Super Giants VS Punjab Kings,Rahul Chahar,3,0,28,0,9.33,5,1,2,1,0
Lucknow Super Giants VS Punjab Kings,Yudhvir Singh,3,0,19,2,6.33,11,4,0,0,0
Lucknow Super Giants VS Punjab Kings,Avesh Khan,3,0,24,0,8.00,8,4,0,1,0
Lucknow Super Giants VS Punjab Kings,Mark Wood,4,0,35,2,8.75,10,2,2,2,0
Lucknow Super Giants VS Punjab Kings,Krishnappa Gowtham,4,0,31,1,7.75,10,1,2,1,0
Lucknow Super Giants VS Punjab Kings,Krunal Pandya,3,0,32,1,10.66,6,3,2,0,0
Lucknow Super Giants VS Punjab Kings,Ravi Bishnoi,2.3,0,18,2,7.20,7,2,0,1,0
Royal Challengers Bangalore VS Delhi Capitals,Anrich Nortje,4,0,31,0,7.75,9,3,0,2,1
Royal Challengers Bangalore VS Delhi Capitals,Axar Patel,3,0,25,1,8.33,9,0,3,0,0
Royal Challengers Bangalore VS Delhi Capitals,Mustafizur Rahman,3,0,41,0,13.66,2,5,2,0,0
Royal Challengers Bangalore VS Delhi Capitals,Mitchell Marsh,2,0,18,2,9.00,5,2,1,0,0
Royal Challengers Bangalore VS Delhi Capitals,Lalit Yadav,4,0,29,1,7.25,7,0,2,1,0
Royal Challengers Bangalore VS Delhi Capitals,Kuldeep Yadav,4,1,23,2,5.75,10,3,0,0,0
Royal Challengers Bangalore VS Delhi Capitals,Mohammed Siraj,4,0,23,2,5.75,14,4,0,0,0
Royal Challengers Bangalore VS Delhi Capitals,Wayne Parnell,4,0,28,1,7.00,10,3,1,0,0
Royal Challengers Bangalore VS Delhi Capitals,Vijaykumar Vyshak,4,0,20,3,5.00,11,2,0,0,0
Royal Challengers Bangalore VS Delhi Capitals,Shahbaz Ahmed,1,0,11,0,11.00,0,1,0,0,0
Royal Challengers Bangalore VS Delhi Capitals,Wanindu Hasaranga,3,0,37,1,12.33,4,5,1,0,0
Royal Challengers Bangalore VS Delhi Capitals,Harshal Patel,4,0,32,1,8.00,7,3,0,3,0
Sunrisers Hyderabad VS Kolkata Knight Riders,Umesh Yadav,3,0,42,0,14.00,3,3,3,1,0
Sunrisers Hyderabad VS Kolkata Knight Riders,Lockie Ferguson,2,0,37,0,18.50,4,5,1,1,1
Sunrisers Hyderabad VS Kolkata Knight Riders,Sunil Narine,4,0,28,0,7.00,7,1,1,2,0
Sunrisers Hyderabad VS Kolkata Knight Riders,Andre Russell,2.1,0,22,3,10.15,4,2,1,2,0
Sunrisers Hyderabad VS Kolkata Knight Riders,Varun Chakravarthy,4,0,41,1,10.25,4,3,2,1,0
Sunrisers Hyderabad VS Kolkata Knight Riders,Suyash Sharma,4,0,44,0,11.00,8,4,3,0,0
Sunrisers Hyderabad VS Kolkata Knight Riders,Shardul Thakur,0.5,0,14,0,16.80,0,3,0,0,0
Sunrisers Hyderabad VS Kolkata Knight Riders,Bhuvneshwar Kumar,4,1,29,1,7.25,10,4,0,1,0
Sunrisers Hyderabad VS Kolkata Knight Riders,Marco Jansen,4,0,37,2,9.25,12,1,3,4,2
Sunrisers Hyderabad VS Kolkata Knight Riders,T Natarajan,4,0,54,1,13.50,6,6,3,1,0
Sunrisers Hyderabad VS Kolkata Knight Riders,Umran Malik,2,0,36,1,18.00,3,4,3,0,0
Sunrisers Hyderabad VS Kolkata Knight Riders,Mayank Markande,4,0,27,2,6.75,10,2,1,0,0
Sunrisers Hyderabad VS Kolkata Knight Riders,Washington Sundar,2,0,20,0,10.00,2,1,1,0,0
Punjab Kings VS Gujarat Titans,Mohammed Shami,4,0,44,1,11.00,9,7,1,1,0
Punjab Kings VS Gujarat Titans,Josh Little,4,0,31,1,7.75,11,3,1,3,0
Punjab Kings VS Gujarat Titans,Alzarri Joseph,4,0,32,1,8.00,11,1,2,5,0
Punjab Kings VS Gujarat Titans,Rashid Khan,4,0,26,1,6.50,13,3,1,0,0
Punjab Kings VS Gujarat Titans,Mohit Sharma,4,0,18,2,4.50,12,2,0,0,0
Punjab Kings VS Gujarat Titans,Arshdeep Singh,4,0,33,1,8.25,8,5,0,0,0
Punjab Kings VS Gujarat Titans,Kagiso Rabada,4,0,36,1,9.00,11,5,1,0,0
Punjab Kings VS Gujarat Titans,Harpreet Brar,4,0,20,1,5.00,8,1,0,0,0
Punjab Kings VS Gujarat Titans,Sam Curran,3.5,0,25,1,6.52,7,2,0,0,0
Punjab Kings VS Gujarat Titans,Rahul Chahar,3,0,24,0,8.00,4,3,0,0,0
Punjab Kings VS Gujarat Titans,Matthew Short,1,0,8,0,8.00,1,1,0,0,0
Rajasthan Royals VS Chennai Super Kings,Akash Singh,4,0,40,2,10.00,7,2,3,1,0
Rajasthan Royals VS Chennai Super Kings,Tushar Deshpande,4,0,37,2,9.25,7,4,1,1,0
Rajasthan Royals VS Chennai Super Kings,Maheesh Theekshana,4,0,42,0,10.50,4,5,1,0,0
Rajasthan Royals VS Chennai Super Kings,Ravindra Jadeja,4,0,21,2,5.25,11,0,0,3,0
Rajasthan Royals VS Chennai Super Kings,Moeen Ali,2,0,21,1,10.50,3,0,2,0,0
Rajasthan Royals VS Chennai Super Kings,Sisanda Magala,2,0,14,0,7.00,2,0,0,1,0
Rajasthan Royals VS Chennai Super Kings,Sandeep Sharma,3,0,30,1,10.00,6,1,2,2,0
Rajasthan Royals VS Chennai Super Kings,Kuldeep Sen,2,0,8,0,4.00,4,0,0,0,0
Rajasthan Royals VS Chennai Super Kings,Jason Holder,3,0,37,0,12.33,4,4,2,1,0
Rajasthan Royals VS Chennai Super Kings,Adam Zampa,4,0,43,1,10.75,5,4,1,1,0
Rajasthan Royals VS Chennai Super Kings,Ravichandran Ashwin,4,0,25,2,6.25,10,1,1,2,0
Rajasthan Royals VS Chennai Super Kings,Yuzvendra Chahal,4,0,27,2,6.75,8,2,0,1,0
Delhi Capitals VS Mumbai Indians,Jason Behrendorff,3,0,23,3,7.66,8,1,2,0,0
Delhi Capitals VS Mumbai Indians,Arshad Khan,1,0,12,0,12.00,1,2,0,1,0
Delhi Capitals VS Mumbai Indians,Cameron Green,3,0,30,0,10.00,4,5,0,1,0
Delhi Capitals VS Mumbai Indians,Hrithik Shokeen,4,0,43,1,10.75,10,4,2,1,1
Delhi Capitals VS Mumbai Indians,Riley Meredith,3.4,0,34,2,9.27,10,5,1,0,1
Delhi Capitals VS Mumbai Indians,Piyush Chawla,4,0,22,3,5.50,9,2,0,0,0
Delhi Capitals VS Mumbai Indians,Tilak Varma,1,0,7,0,7.00,3,1,0,1,0
Delhi Capitals VS Mumbai Indians,Mukesh Kumar,2,0,30,2,15.00,6,3,3,0,0
Delhi Capitals VS Mumbai Indians,Mustafizur Rahman,4,0,38,1,9.50,11,5,2,0,0
Delhi Capitals VS Mumbai Indians,Anrich Nortje,4,0,35,0,8.75,8,2,2,0,0
Delhi Capitals VS Mumbai Indians,Lalit Yadav,4,0,23,0,5.75,10,1,1,1,0
Delhi Capitals VS Mumbai Indians,Axar Patel,4,0,20,0,5.00,12,2,0,1,0
Delhi Capitals VS Mumbai Indians,Kuldeep Yadav,2,0,23,0,11.50,2,1,2,0,0
Royal Challengers Bangalore VS Lucknow Super Giants,Jaydev Unadkat,2,0,27,0,13.50,3,2,2,1,0
Royal Challengers Bangalore VS Lucknow Super Giants,Avesh Khan,4,0,53,0,13.25,8,5,4,0,0
Royal Challengers Bangalore VS Lucknow Super Giants,Krunal Pandya,4,0,35,0,8.75,5,2,2,0,0
Royal Challengers Bangalore VS Lucknow Super Giants,Mark Wood,4,1,32,1,8.00,12,1,3,2,0
Royal Challengers Bangalore VS Lucknow Super Giants,Ravi Bishnoi,4,0,39,0,9.75,5,1,3,1,0
Royal Challengers Bangalore VS Lucknow Super Giants,Amit Mishra,2,0,18,1,9.00,2,1,1,0,0
Royal Challengers Bangalore VS Lucknow Super Giants,Mohammed Siraj,4,0,22,3,5.50,16,3,0,4,0
Royal Challengers Bangalore VS Lucknow Super Giants,David Willey,4,0,32,0,8.00,6,2,1,1,0
Royal Challengers Bangalore VS Lucknow Super Giants,Wayne Parnell,4,0,41,3,10.25,6,5,1,3,0
Royal Challengers Bangalore VS Lucknow Super Giants,Harshal Patel,4,0,48,2,12.00,5,4,3,0,0
Royal Challengers Bangalore VS Lucknow Super Giants,Karn Sharma,3,0,48,1,16.00,5,3,5,1,0
Royal Challengers Bangalore VS Lucknow Super Giants,Shahbaz Ahmed,1,0,15,0,15.00,1,0,2,0,0
Punjab Kings VS Sunrisers Hyderabad,Bhuvneshwar Kumar,4,0,33,1,8.25,13,6,0,3,0
Punjab Kings VS Sunrisers Hyderabad,Marco Jansen,3,1,16,2,5.33,14,2,1,1,0
Punjab Kings VS Sunrisers Hyderabad,T Natarajan,4,0,40,0,10.00,10,3,3,0,0
Punjab Kings VS Sunrisers Hyderabad,Washington Sundar,1,0,6,0,6.00,3,1,0,0,0
Punjab Kings VS Sunrisers Hyderabad,Mayank Markande,4,0,15,4,3.75,15,2,0,0,0
Punjab Kings VS Sunrisers Hyderabad,Umran Malik,4,0,32,2,8.00,14,3,2,1,0
Punjab Kings VS Sunrisers Hyderabad,Sam Curran,3,0,14,0,4.66,8,1,0,0,0
Punjab Kings VS Sunrisers Hyderabad,Arshdeep Singh,3,0,20,1,6.66,10,4,0,0,0
Punjab Kings VS Sunrisers Hyderabad,Harpreet Brar,3.1,0,26,0,8.21,8,5,0,0,0
Punjab Kings VS Sunrisers Hyderabad,Nathan Ellis,3,0,28,0,9.33,5,5,0,0,0
Punjab Kings VS Sunrisers Hyderabad,Rahul Chahar,3,0,28,1,9.33,8,4,1,0,0
Punjab Kings VS Sunrisers Hyderabad,Mohit Rathee,2,0,29,0,14.50,3,3,2,0,0
Gujarat Titans VS Kolkata Knight Riders,Umesh Yadav,3,0,24,0,8.00,7,4,0,1,0
Gujarat Titans VS Kolkata Knight Riders,Shardul Thakur,3,0,40,0,13.33,4,3,3,1,0
Gujarat Titans VS Kolkata Knight Riders,Lockie Ferguson,4,0,40,0,10.00,8,3,2,1,1
Gujarat Titans VS Kolkata Knight Riders,Sunil Narine,4,0,33,3,8.25,8,3,1,1,0
Gujarat Titans VS Kolkata Knight Riders,Varun Chakravarthy,2,0,27,0,13.50,1,2,1,1,0
Gujarat Titans VS Kolkata Knight Riders,Suyash Sharma,4,0,35,1,8.75,6,3,0,1,0
Gujarat Titans VS Kolkata Knight Riders,Mohammed Shami,4,0,28,1,7.00,10,2,1,0,0
Gujarat Titans VS Kolkata Knight Riders,Josh Little,4,0,45,1,11.25,9,4,3,3,0
Gujarat Titans VS Kolkata Knight Riders,Alzarri Joseph,4,0,27,2,6.75,14,2,2,0,0
Gujarat Titans VS Kolkata Knight Riders,Yash Dayal,4,0,69,0,17.25,4,3,8,0,0
Gujarat Titans VS Kolkata Knight Riders,Rashid Khan,4,0,37,3,9.25,6,4,1,0,0
Mumbai Indians VS Chennai Super Kings,Deepak Chahar,1,0,10,0,10.00,2,2,0,0,0
Mumbai Indians VS Chennai Super Kings,Tushar Deshpande,3,0,31,2,10.33,9,2,3,1,0
Mumbai Indians VS Chennai Super Kings,Sisanda Magala,4,0,37,1,9.25,4,5,0,0,0
Mumbai Indians VS Chennai Super Kings,Mitchell Santner,4,0,28,2,7.00,6,3,0,0,0
Mumbai Indians VS Chennai Super Kings,Ravindra Jadeja,4,0,20,3,5.00,9,0,1,0,0
Mumbai Indians VS Chennai Super Kings,Dwaine Pretorius,4,0,28,0,7.00,9,3,0,4,0
Mumbai Indians VS Chennai Super Kings,Jason Behrendorff,3,0,24,1,8.00,9,2,1,1,0
Mumbai Indians VS Chennai Super Kings,Arshad Khan,2.1,0,35,0,16.15,2,5,1,3,0
Mumbai Indians VS Chennai Super Kings,Cameron Green,3,0,20,0,6.66,6,0,1,1,0
Mumbai Indians VS Chennai Super Kings,Piyush Chawla,4,0,33,1,8.25,8,5,0,0,0
Mumbai Indians VS Chennai Super Kings,Kumar Kartikeya,4,0,24,1,6.00,6,0,1,0,0
Mumbai Indians VS Chennai Super Kings,Hrithik Shokeen,2,0,19,0,9.50,4,2,1,0,0
Rajasthan Royals VS Delhi Capitals,Khaleel Ahmed,2,0,31,0,15.50,3,6,0,2,0
Rajasthan Royals VS Delhi Capitals,Anrich Nortje,4,0,44,0,11.00,10,6,2,0,0
Rajasthan Royals VS Delhi Capitals,Mukesh Kumar,4,0,36,2,9.00,8,3,2,0,0
Rajasthan Royals VS Delhi Capitals,Axar Patel,4,0,38,0,9.50,6,5,1,0,0
Rajasthan Royals VS Delhi Capitals,Kuldeep Yadav,4,0,31,1,7.75,8,2,1,0,0
Rajasthan Royals VS Delhi Capitals,Rovman Powell,2,0,18,1,9.00,4,1,1,1,1
Rajasthan Royals VS Delhi Capitals,Trent Boult,4,1,29,3,7.25,11,5,0,0,0
Rajasthan Royals VS Delhi Capitals,Sandeep Sharma,4,0,20,1,5.00,11,2,0,1,0
Rajasthan Royals VS Delhi Capitals,Ravichandran Ashwin,4,0,25,2,6.25,10,2,0,3,0
Rajasthan Royals VS Delhi Capitals,Jason Holder,3,0,28,0,9.33,4,4,0,1,0
Rajasthan Royals VS Delhi Capitals,Yuzvendra Chahal,4,0,27,3,6.75,8,2,0,2,0
Rajasthan Royals VS Delhi Capitals,Murugan Ashwin,1,0,11,0,11.00,0,0,0,0,1
Sunrisers Hyderabad VS Lucknow Super Giants,Kyle Mayers,1,0,5,0,5.00,1,0,0,0,0
Sunrisers Hyderabad VS Lucknow Super Giants,Jaydev Unadkat,3,0,26,0,8.66,9,0,3,1,0
Sunrisers Hyderabad VS Lucknow Super Giants,Krunal Pandya,4,0,18,3,4.50,15,3,0,0,0
Sunrisers Hyderabad VS Lucknow Super Giants,Yash Thakur,3,0,23,1,7.66,6,3,0,0,0
Sunrisers Hyderabad VS Lucknow Super Giants,Ravi Bishnoi,4,0,16,1,4.00,10,0,0,1,0
Sunrisers Hyderabad VS Lucknow Super Giants,Deepak Hooda,1,0,8,0,8.00,1,1,0,0,0
Sunrisers Hyderabad VS Lucknow Super Giants,Amit Mishra,4,0,23,2,5.75,10,3,0,0,0
Sunrisers Hyderabad VS Lucknow Super Giants,Bhuvneshwar Kumar,2,0,19,1,9.50,7,1,1,1,0
Sunrisers Hyderabad VS Lucknow Super Giants,Washington Sundar,1,0,11,0,11.00,1,2,0,0,0
Sunrisers Hyderabad VS Lucknow Super Giants,Fazalhaq Farooqi,3,0,13,1,4.33,12,2,0,1,0
Sunrisers Hyderabad VS Lucknow Super Giants,Aiden Markram,2,0,14,0,7.00,5,2,0,0,0
Sunrisers Hyderabad VS Lucknow Super Giants,Adil Rashid,3,0,23,2,7.66,8,2,1,0,0
Sunrisers Hyderabad VS Lucknow Super Giants,T Natarajan,3,0,23,0,7.66,7,1,1,1,0
Sunrisers Hyderabad VS Lucknow Super Giants,Umran Malik,2,0,22,1,11.00,7,3,0,2,0
Kolkata Knight Riders VS Royal Challengers Bangalore,Mohammed Siraj,4,0,44,1,11.00,13,6,1,3,1
Kolkata Knight Riders VS Royal Challengers Bangalore,David Willey,4,1,16,2,4.00,15,2,0,1,0
Kolkata Knight Riders VS Royal Challengers Bangalore,Akash Deep,2,0,30,0,15.00,4,2,2,1,2
Kolkata Knight Riders VS Royal Challengers Bangalore,Michael Bracewell,3,0,34,1,11.33,3,1,3,0,0
Kolkata Knight Riders VS Royal Challengers Bangalore,Shahbaz Ahmed,1,0,6,0,6.00,3,1,0,0,0
Kolkata Knight Riders VS Royal Challengers Bangalore,Karn Sharma,3,0,26,2,8.66,6,2,1,0,0
Kolkata Knight Riders VS Royal Challengers Bangalore,Harshal Patel,3,0,38,1,12.66,5,4,2,1,0
Kolkata Knight Riders VS Royal Challengers Bangalore,Umesh Yadav,2,0,17,0,8.50,5,3,0,0,0
Kolkata Knight Riders VS Royal Challengers Bangalore,Tim Southee,2,0,25,0,12.50,5,2,2,0,0
Kolkata Knight Riders VS Royal Challengers Bangalore,Sunil Narine,4,0,16,2,4.00,12,1,0,0,0
Kolkata Knight Riders VS Royal Challengers Bangalore,Varun Chakravarthy,3.4,0,15,4,4.09,13,2,0,0,0
Kolkata Knight Riders VS Royal Challengers Bangalore,Suyash Sharma,4,0,30,3,7.50,11,2,2,1,0
Kolkata Knight Riders VS Royal Challengers Bangalore,Shardul Thakur,2,0,15,1,7.50,4,2,0,0,0
Punjab Kings VS Rajasthan Royals,Trent Boult,4,0,38,0,9.50,8,3,2,1,0
Punjab Kings VS Rajasthan Royals,KM Asif,4,0,54,0,13.50,7,5,3,3,1
Punjab Kings VS Rajasthan Royals,Ravichandran Ashwin,4,0,25,1,6.25,7,2,0,1,0
Punjab Kings VS Rajasthan Royals,Jason Holder,4,0,29,2,7.25,7,2,1,0,0
Punjab Kings VS Rajasthan Royals,Yuzvendra Chahal,4,0,50,1,12.50,5,7,1,1,0
Punjab Kings VS Rajasthan Royals,Sam Curran,4,0,44,0,11.00,7,3,3,0,0
Punjab Kings VS Rajasthan Royals,Arshdeep Singh,4,0,47,2,11.75,10,4,3,3,0
Punjab Kings VS Rajasthan Royals,Harpreet Brar,2,0,15,0,7.50,5,2,0,0,0
Punjab Kings VS Rajasthan Royals,Nathan Ellis,4,0,30,4,7.50,11,2,2,0,0
Punjab Kings VS Rajasthan Royals,Rahul Chahar,4,0,31,0,7.75,5,1,1,0,0
Punjab Kings VS Rajasthan Royals,Sikandar Raza,2,0,24,0,12.00,2,1,1,2,0
Delhi Capitals VS Gujarat Titans,Mohammed Shami,4,0,41,3,10.25,15,5,1,4,0
Delhi Capitals VS Gujarat Titans,Josh Little,4,0,27,0,6.75,11,2,1,0,0
Delhi Capitals VS Gujarat Titans,Hardik Pandya,3,0,18,0,6.00,6,2,0,0,0
Delhi Capitals VS Gujarat Titans,Alzarri Joseph,4,0,29,2,7.25,13,3,1,1,0
Delhi Capitals VS Gujarat Titans,Yash Dayal,1,0,12,0,12.00,0,0,1,0,0
Delhi Capitals VS Gujarat Titans,Rashid Khan,4,0,31,3,7.75,9,2,2,0,0
Delhi Capitals VS Gujarat Titans,Khaleel Ahmed,4,0,38,1,9.50,9,5,1,1,0
Delhi Capitals VS Gujarat Titans,Mukesh Kumar,4,0,42,0,10.50,8,5,2,1,0
Delhi Capitals VS Gujarat Titans,Anrich Nortje,4,0,39,2,9.75,9,3,2,0,2
Delhi Capitals VS Gujarat Titans,Mitchell Marsh,3.1,0,24,1,7.57,4,1,0,1,0
Delhi Capitals VS Gujarat Titans,Kuldeep Yadav,3,0,18,0,6.00,5,1,0,1,0
Chennai Super Kings VS Lucknow Super Giants,Kyle Mayers,2,0,16,0,8.00,1,1,0,1,0
Chennai Super Kings VS Lucknow Super Giants,Avesh Khan,3,0,39,1,13.00,4,6,0,1,0
Chennai Super Kings VS Lucknow Super Giants,Krunal Pandya,2,0,21,0,10.50,4,1,2,0,0
Chennai Super Kings VS Lucknow Super Giants,Krishnappa Gowtham,1,0,20,0,20.00,2,0,3,0,0
Chennai Super Kings VS Lucknow Super Giants,Mark Wood,4,0,49,3,12.25,9,3,5,0,0
Chennai Super Kings VS Lucknow Super Giants,Yash Thakur,4,0,36,0,9.00,4,3,1,0,1
Chennai Super Kings VS Lucknow Super Giants,Ravi Bishnoi,4,0,28,3,7.00,13,1,2,1,0
Chennai Super Kings VS Lucknow Super Giants,Deepak Chahar,4,0,55,0,13.75,6,7,1,5,0
Chennai Super Kings VS Lucknow Super Giants,Ben Stokes,1,0,18,0,18.00,0,2,1,0,0
Chennai Super Kings VS Lucknow Super Giants,Tushar Deshpande,4,0,45,2,11.25,7,2,2,4,3
Chennai Super Kings VS Lucknow Super Giants,Moeen Ali,4,0,26,4,6.50,10,0,1,1,0
Chennai Super Kings VS Lucknow Super Giants,Mitchell Santner,4,0,21,1,5.25,9,0,1,0,0
Chennai Super Kings VS Lucknow Super Giants,Rajvardhan Hangargekar,2,0,24,0,12.00,4,2,1,3,0
Chennai Super Kings VS Lucknow Super Giants,Ravindra Jadeja,1,0,14,0,14.00,2,0,2,0,0
Mumbai Indians VS Royal Challengers Bangalore,Mohammed Siraj,4,0,21,1,5.25,16,2,0,6,0
Mumbai Indians VS Royal Challengers Bangalore,Reece Topley,2,0,14,1,7.00,7,3,0,0,0
Mumbai Indians VS Royal Challengers Bangalore,Akash Deep,3,0,29,1,9.66,7,2,2,0,0
Mumbai Indians VS Royal Challengers Bangalore,Harshal Patel,4,0,43,1,10.75,6,3,2,1,1
Mumbai Indians VS Royal Challengers Bangalore,Karn Sharma,4,0,32,2,8.00,7,1,2,1,0
Mumbai Indians VS Royal Challengers Bangalore,Michael Bracewell,2,0,16,1,8.00,6,3,0,0,0
Mumbai Indians VS Royal Challengers Bangalore,Glenn Maxwell,1,0,16,0,16.00,0,1,1,1,0
Mumbai Indians VS Royal Challengers Bangalore,Jason Behrendorff,3,0,37,0,12.33,6,3,3,0,0
Mumbai Indians VS Royal Challengers Bangalore,Arshad Khan,2.2,0,28,1,12.00,7,2,2,4,0
Mumbai Indians VS Royal Challengers Bangalore,Jofra Archer,4,0,33,0,8.25,10,2,2,0,0
Mumbai Indians VS Royal Challengers Bangalore,Piyush Chawla,4,0,26,0,6.50,11,2,1,0,0
Mumbai Indians VS Royal Challengers Bangalore,Cameron Green,2,0,30,1,15.00,4,2,3,0,0
Mumbai Indians VS Royal Challengers Bangalore,Hrithik Shokeen,1,0,17,0,17.00,0,0,2,0,0
Rajasthan Royals VS Sunrisers Hyderabad,Bhuvneshwar Kumar,3,0,36,0,12.00,6,4,2,1,0
Rajasthan Royals VS Sunrisers Hyderabad,Fazalhaq Farooqi,4,0,41,2,10.25,11,7,0,0,0
Rajasthan Royals VS Sunrisers Hyderabad,Washington Sundar,3,0,32,0,10.66,5,1,3,0,0
Rajasthan Royals VS Sunrisers Hyderabad,T Natarajan,3,0,23,2,7.66,7,4,0,0,0
Rajasthan Royals VS Sunrisers Hyderabad,Adil Rashid,4,0,33,0,8.25,6,1,2,0,0
Rajasthan Royals VS Sunrisers Hyderabad,Umran Malik,3,0,32,1,10.66,4,4,1,1,0
Rajasthan Royals VS Sunrisers Hyderabad,Trent Boult,4,1,21,2,5.25,15,2,1,0,0
Rajasthan Royals VS Sunrisers Hyderabad,KM Asif,3,0,15,0,5.00,9,1,0,1,0
Rajasthan Royals VS Sunrisers Hyderabad,Jason Holder,3,0,16,1,5.33,10,1,1,0,0
Rajasthan Royals VS Sunrisers Hyderabad,Ravichandran Ashwin,4,0,27,1,6.75,10,1,1,2,0
Rajasthan Royals VS Sunrisers Hyderabad,Yuzvendra Chahal,4,0,17,4,4.25,11,0,0,0,0
Rajasthan Royals VS Sunrisers Hyderabad,Navdeep Saini,2,0,34,0,17.00,3,3,2,0,3
Lucknow Super Giants VS Delhi Capitals,Khaleel Ahmed,4,0,30,2,7.50,15,3,2,1,0
Lucknow Super Giants VS Delhi Capitals,Mukesh Kumar,4,0,34,0,8.50,5,0,2,1,0
Lucknow Super Giants VS Delhi Capitals,Chetan Sakariya,4,0,53,2,13.25,8,1,6,3,0
Lucknow Super Giants VS Delhi Capitals,Axar Patel,4,0,38,1,9.50,8,1,3,0,0
Lucknow Super Giants VS Delhi Capitals,Kuldeep Yadav,4,0,35,1,8.75,7,0,3,0,0
Lucknow Super Giants VS Delhi Capitals,Kyle Mayers,1,0,7,0,7.00,3,1,0,1,0
Lucknow Super Giants VS Delhi Capitals,Jaydev Unadkat,3,0,39,0,13.00,3,5,0,2,0
Lucknow Super Giants VS Delhi Capitals,Krishnappa Gowtham,4,0,23,0,5.75,9,2,0,1,0
Lucknow Super Giants VS Delhi Capitals,Avesh Khan,4,0,29,2,7.25,12,3,1,0,0
Lucknow Super Giants VS Delhi Capitals,Mark Wood,4,0,14,5,3.50,17,1,0,1,1
Lucknow Super Giants VS Delhi Capitals,Ravi Bishnoi,4,0,31,2,7.75,8,3,1,0,0
Punjab Kings VS Kolkata Knight Riders,Umesh Yadav,4,0,27,1,6.75,11,2,1,0,0
Punjab Kings VS Kolkata Knight Riders,Tim Southee,4,0,54,2,13.50,7,6,3,0,0
Punjab Kings VS Kolkata Knight Riders,Sunil Narine,4,0,40,1,10.00,8,3,2,1,0
Punjab Kings VS Kolkata Knight Riders,Varun Chakravarthy,4,0,26,1,6.50,10,2,1,1,0
Punjab Kings VS Kolkata Knight Riders,Shardul Thakur,4,0,43,0,10.75,7,4,2,0,1
Punjab Kings VS Kolkata Knight Riders,Sam Curran,3,0,38,1,12.66,4,3,3,0,0
Punjab Kings VS Kolkata Knight Riders,Arshdeep Singh,3,0,19,3,6.33,10,2,1,0,0
Punjab Kings VS Kolkata Knight Riders,Nathan Ellis,3,0,27,1,9.00,8,2,1,0,2
Punjab Kings VS Kolkata Knight Riders,Sikandar Raza,3,0,25,1,8.33,5,3,0,1,0
Punjab Kings VS Kolkata Knight Riders,Rishi Dhawan,1,0,15,0,15.00,2,2,1,0,0
Punjab Kings VS Kolkata Knight Riders,Rahul Chahar,2,0,12,1,6.00,5,0,1,0,0
Punjab Kings VS Kolkata Knight Riders,Harpreet Brar,1,0,7,0,7.00,3,1,0,0,0
Chennai Super Kings VS Gujarat Titans,Mohammed Shami,4,0,29,2,7.25,13,2,2,0,1
Chennai Super Kings VS Gujarat Titans,Hardik Pandya,3,0,28,0,9.33,6,2,2,0,0
Chennai Super Kings VS Gujarat Titans,Josh Little,4,0,41,1,10.25,10,4,3,0,0
Chennai Super Kings VS Gujarat Titans,Rashid Khan,4,0,26,2,6.50,10,2,1,0,0
Chennai Super Kings VS Gujarat Titans,Alzarri Joseph,4,0,33,2,8.25,8,0,3,0,0
Chennai Super Kings VS Gujarat Titans,Yash Dayal,1,0,14,0,14.00,2,0,2,0,0
Chennai Super Kings VS Gujarat Titans,Deepak Chahar,4,0,29,0,7.25,9,1,2,0,0
Chennai Super Kings VS Gujarat Titans,Tushar Deshpande,3.2,0,51,1,15.30,5,4,4,1,1
Chennai Super Kings VS Gujarat Titans,Rajvardhan Hangargekar,4,0,36,3,9.00,10,4,1,3,1
Chennai Super Kings VS Gujarat Titans,Mitchell Santner,4,0,32,0,8.00,7,5,0,0,0
Chennai Super Kings VS Gujarat Titans,Ravindra Jadeja,4,0,28,1,7.00,9,1,1,0,0
